kind	id	seed	first_axis	first_state	second_axis	second_state	risk_triplet	source_sha256	raw_ir_sha256	optimized_ir_sha256	output_sha256	native_debug_code_sha256	native_release_executable_sha256	raw_ir_bytes	optimized_ir_bytes	release_prefixes	arm64	x64	native_debug	native_release
pairwise	pair-0	7640891576956012809	type	0	control	0	-	55592b8d4f009d022138692165086c74d72608eaf16dfc90623af73f09909b60	60ecc42ead09e90f882c95735c8a008d282c74ac70067c476f0800d58ee67217	ebae4e17cd68cb82c51553783f5d4d1c6e0a16b18842134e4bb5291e46915c8b	32f2993863711565518801dc31542a799294204668382403a843a67958cd2487	----------------------------------------------------------------	----------------------------------------------------------------	3531	2229	14	passed	passed	not-selected	not-selected
pairwise	pair-1	7640891576956012810	type	1	control	0	-	f314c96c8becc0489169000437d6c07d36cb386beeede3fba67df4eb41d88231	4102090f6559cb84029fcad7b37d9cbf5b3c59136790fae1589b7d072695fcc1	47a9c96058b133c164f174f4c2fff6a1a4819978c1546175da2125813e9336ab	07b76bed57262539d9a858aaa839c10d34ad4d571d8599a8b14dfe84787d1430	----------------------------------------------------------------	----------------------------------------------------------------	3533	2231	14	passed	passed	not-selected	not-selected
pairwise	pair-2	7640891576956012811	type	0	control	1	-	8e13bedff499af0fe82fe7f5341dbaf085c017e62d661a95a842fe25dde2d74d	a88a361b169171fe7f51f8f4f16f5065aff001a1478a69ea1f9f71d74aed208b	e8e3904dccc8e69504c4fdd1c3f2e6092c86190c3dfa13016e429c99ff72ed9d	870e28a6afc6643ade98ddbe5b86d2d2d15dca10e269c8b7dbe94610e11262eb	----------------------------------------------------------------	----------------------------------------------------------------	3906	2296	14	passed	passed	not-selected	not-selected
pairwise	pair-3	7640891576956012812	type	1	control	1	-	8ee45e5b4a67a33264df4753a3744141b8afd764ce671c9e133836ba8adb1496	4be60b9e94230560b732581338f0b9f161c6201db7cc97bf3d91580211f9c7d1	d478376666c421809001a97a276205df7c13fba03d8c28835595801dbf44e433	2c36f8cccf27e6cab11c02e4483b2ea6bc00185f0f846efb44e698a08b588dbc	3534e675bc3e68d89745987df204399411ec47781457f4e7852f222da1fc5b91	92e466d2dfcf59a39f941a77d1eeb920dde6ba37e294e1e2489e39b1e75d58a3	3908	2299	14	passed	passed	passed	passed
pairwise	pair-4	7640891576956012813	type	0	memory	0	-	ca0a7f1def9b176eacbbf3cb30ad8f5067d4caa78374e7e7b6c0369963577905	7f53c970cb1991b37b3e20bf4973d232f618b4bb9df40d9bdce68d5f1d32c0bc	3e3d97be01c52d6d82962f5e17e6ab60edd0196241105ca23dcd7717186edf76	82293dd353fd7ded910fb62f2177fc5b415ed69f39a03e3b85d7d5f000cc09ab	----------------------------------------------------------------	----------------------------------------------------------------	3531	2230	14	passed	passed	not-selected	not-selected
pairwise	pair-5	7640891576956012814	type	1	memory	0	-	7d542d7a2c5386759983cbfac7835d28c05ef9248d1a347cb7b6e7ae96b7fa7a	323d4b8d7c68a0dc0496837557c6d4ba21ef58ac6e31b0d1b92c44e5795ba59d	5e1efa910897b82097cccb46824d78f7fea6703edf13f7bec8e852c49200a1f1	a5cc3ecde9e13fc6d78db60375deaa233b91b6280f4c628bf51548a519919ae8	----------------------------------------------------------------	----------------------------------------------------------------	3533	2232	14	passed	passed	not-selected	not-selected
pairwise	pair-6	7640891576956012815	type	0	memory	1	-	d04e7ac23af9633c80328ea3c97dfc12443a22f1a7d5ac99abd2ee7238384072	cf74f24d0050b4d540528393be756175b46b7af7d0a54021ecaa6135f2cca8ef	77cac8701842dd52e11a2e3df80f0d74650a9ffb40eae2127499e19a61346f20	be202d2eb58ea54bc6926ac0412f7bce139aaaac0c1b04aef9fcd3d84f7d4621	----------------------------------------------------------------	----------------------------------------------------------------	3532	2231	14	passed	passed	not-selected	not-selected
pairwise	pair-7	7640891576956012816	type	1	memory	1	-	965b59f58602bcb4ea73804cba0d9654b365bea03f1ab6c76acdbdf1c2d8f41b	2c1120ce1882d90b1ffbdcd9a2f0d7968f930aa68636e18e15e58ef89e693492	820dcb34a7d8461940dcd4be3b0b0824816e664f6e3e45cb846f9f86c35c82b1	58f3e16916f364cdcee8977071b1137b9e301273f0e1552b4cc7559374928878	20252a022db00773b31e356d75585f8b592fe62b23a6c2084eed41c1048a8d63	fdbc1e507850a5f9aa2dc50fc75376555b1e0d96d11728a8eab70dd5227a82c1	3534	2233	14	passed	passed	passed	passed
pairwise	pair-8	7640891576956012817	type	0	alias	0	-	95200bab004ee9e8a1bd02cdb455c7b2e653f156f2ec50127012a249d96c4239	db46bf6918c399943dc8640c4b8fb644c784b0ebf4825e84029c5e39484915ed	9236ceec8e7942a0465bf9f58a94518387da126d03a296472f8f2d61cec4d882	0ea2ca9a490be2d12f7b29f5c13c21846a86538b82c149a98e301a4df5f91d8a	----------------------------------------------------------------	----------------------------------------------------------------	3532	2231	14	passed	passed	not-selected	not-selected
pairwise	pair-9	7640891576956012818	type	1	alias	0	-	5f01d032c30da2b2ef8bfe0305cbed6084799a44ad95f166fd338976c076c8da	3e2de9ea9da609cd55dcf97979ab47cbc1c9f9cb4e172d13e8f30e8121c9b633	8a2f2b3dbd9bcdd9f2bc032ee206a828893592d5b84b1dfeef48822db4869d41	cc2b36e9c2800e466d3e726081ca42b7b347274ad4a993780d108f2efa2a9221	----------------------------------------------------------------	----------------------------------------------------------------	3534	2233	14	passed	passed	not-selected	not-selected
pairwise	pair-10	7640891576956012819	type	0	alias	1	-	8bc75689199010d09d5c3f4911524d666da83bb64a1b33c4bdf9377732bf3f5d	bed5ef97c00ce55a9bd2f9ab41515fca4b3b1737a70df7e5d014baf1592d6cf0	e73602db361850dd65e69f5447e936ca52d06d14eec8bb19a945890b8d77c597	ff02d32e45ad7932dfdba10cd2cf4bdf3d8cae313898cf066f498cd5ff608931	----------------------------------------------------------------	----------------------------------------------------------------	3260	2840	14	passed	passed	not-selected	not-selected
pairwise	pair-11	7640891576956012820	type	1	alias	1	-	6cb0eaad49a0fa27813b6f542ed85d8b83275949a074ce290044d292481b0389	158fd83e6a4e977797dec60a3350b41107d0098e120337a0cb798fbe92fb6ea5	66301d26ff946d31a750bbad33d1bf3ba0ead61d67e25c202f06e371af7c816d	017735be400305db08a2fabaf33a39b25fffdf26b46dcfb4a7fa5636d3523c52	a938cd295bd7ca03d2471548e63e25710a5267762a0ae6a2ae065fce78516d97	4aac2fd1685a323795e43c39316b311373e446134a4dba0053077c96dd019ef4	3262	2844	14	passed	passed	passed	passed
pairwise	pair-12	7640891576956012821	type	0	call	0	-	0fe19a7694b3b4c9865e5d150fd926989eb3064665bb8d30ef6843b5454103c7	b391be92c25581f1bbb4caa112ec8534b15e670a71a720cadd6107b583d72a0b	0cb029b77caf133a39b9b5d3ff9764b30a4c860ab67856e557889dea82193502	873cc44b78326b6e44054866042e0768e282870f54d0d9c5538cbc93811df1ab	----------------------------------------------------------------	----------------------------------------------------------------	3532	2231	14	passed	passed	not-selected	not-selected
pairwise	pair-13	7640891576956012822	type	1	call	0	-	bc2463bb5b66a0bc8431be4cbc3906ef26c3d9e7abfbac416de25679f820220b	6c190ecbbb016a0adc4b185ef2257e26f125b0ea6b39b2c601d745b91cd8316f	627529daafab74af8d518911f6a7dcaa1bf946f20ce5873539884a54d63a25c7	1075c78ea42643326078a99cd484f60ab9b934f998f741a13d5db59b4d7937d9	----------------------------------------------------------------	----------------------------------------------------------------	3534	2233	14	passed	passed	not-selected	not-selected
pairwise	pair-14	7640891576956012823	type	0	call	1	-	fa4b7ec2ff4d7d8a43b403d53d93132c8ca837a43639bc86594985065da92641	0af93d9464e39f8f77e3870fc27248c17fd711e1ffab9992db9957d04815b520	548d96e769f77c7637c1aaa5ab6926de679aa93a4a6ea982e12b4e387371a40a	95258d4b1cee6aa57ee0d59b052701f6661da1cbfe70c9f789cb38abf90ee40b	----------------------------------------------------------------	----------------------------------------------------------------	3470	2231	14	passed	passed	not-selected	not-selected
pairwise	pair-15	7640891576956012824	type	1	call	1	-	144730cf47f98ae879c6443fd5ca767d7495cc31671171b98a1012f5b41b0164	a5881d91ff2b9a9a657f0d375922714df9cf0474f05195c4f69f32aa6280428d	3a001418b6b5e125709d658f96d920039608c15c4d6b401be1d8a2614706a00d	e57bff8d5216bfd0f195dccddb5b4cd639a0f6b117f8bb1d90f5d36a61a9841b	7b3abd4719c88e15d1d73fd76114e6e38cd0a7c8e4a8eb739db932ac0a83ac2d	de6ee94c86ce4c43a74e4696a79ab31fd1dff66136b1c1a8b731bb09ba4ffc28	3472	2233	14	passed	passed	passed	passed
pairwise	pair-16	7640891576956012825	type	0	loop	0	-	89e8dc05240c975def59dbd9e7b0c36aacb33f9b67ffc82424cb370a51311ab6	8e64095b6520d4f03d13d2fcfba735e5cbe20fe58c02580db5237a2975a3601e	20728c7bcef9224a85afcaec68f2e0dbcf1cba53f6d4b5f7592bb2ecfbba01a2	8e95520728f414d8cd66538aa15d29d76f34633afcdb0132e6bbad4b044a5035	----------------------------------------------------------------	----------------------------------------------------------------	3531	2228	14	passed	passed	not-selected	not-selected
pairwise	pair-17	7640891576956012826	type	1	loop	0	-	814978b016d2d3d643c7cf6616f0a6298d79dd094a51f5f1a27906028a32da23	ec385bdaf67bade657d40f67c5cbc130a1cf12568c59306864d7ad158834f5c8	10115f60483307ec8196a3fa385e9c28ffd8e2265a2a898e7ebfb69645b49f99	32f2993863711565518801dc31542a799294204668382403a843a67958cd2487	----------------------------------------------------------------	----------------------------------------------------------------	3533	2231	14	passed	passed	not-selected	not-selected
pairwise	pair-18	7640891576956012827	type	0	loop	1	-	ffe9378d85687bfa5c9e7ddf7ee948fcc3b31f2143da5ef5493c6957588db906	96b7f6e5f8ae3b91da66db16a971f107b162380db004d4bca9fdfcac86bcf1a0	daa0ad0fe05ba9cc9d71e03f918910af591fc35dd057282e035dabf7d3941cc8	07b76bed57262539d9a858aaa839c10d34ad4d571d8599a8b14dfe84787d1430	----------------------------------------------------------------	----------------------------------------------------------------	3629	2340	14	passed	passed	not-selected	not-selected
pairwise	pair-19	7640891576956012828	type	1	loop	1	-	7d584536d58f15a17b2a5f9771753746453aab56f2a6cab7b1f20166f3b41837	0898ca836996799394f423f7f827d7239da38fcba16487c098a3f8ddc430ad4c	c4bba776eb53fb4ceca70550053464c820ad465fbe24943b5f93974ac6ca217e	870e28a6afc6643ade98ddbe5b86d2d2d15dca10e269c8b7dbe94610e11262eb	d657731db388554f7b60a87441924cc677a8595e0fd1eb464a199389fd847862	e73f0b9509dba9b6ea27fd6582c5ee6aa288a0944534f5f333cd3910dfc36472	3631	2342	14	passed	passed	passed	passed
pairwise	pair-20	7640891576956012829	type	0	error	0	-	c4debed08a720dc6bf930792bb8764040eeca502d86f66409dcbda73cf0816fc	95fa954b726cc21d0709bf7e9957d8d8f37c75f2398d0802a215b82fedc09110	21f2a1e732867f3d6b14db0d3c3eabea6af3e33f869a520e7830abda731b8827	2c36f8cccf27e6cab11c02e4483b2ea6bc00185f0f846efb44e698a08b588dbc	----------------------------------------------------------------	----------------------------------------------------------------	3531	2230	14	passed	passed	not-selected	not-selected
pairwise	pair-21	7640891576956012830	type	1	error	0	-	75412fc49a3358cd225b8b972aea8303f4f980e83fa686a058a6e7ba9ab878e2	602beea6b5e7d803ebd2adb6ed4b4129c4bc22d69bd93833ecec5859c806ac4d	f1532f9ff5696d1776a24660824dff747bebe4ce786c1e2041605b130f7b0f0c	82293dd353fd7ded910fb62f2177fc5b415ed69f39a03e3b85d7d5f000cc09ab	----------------------------------------------------------------	----------------------------------------------------------------	3533	2232	14	passed	passed	not-selected	not-selected
pairwise	pair-22	7640891576956012831	type	0	error	1	-	6cd6f21d18d84e95f9386951d67fca00b192ee36ca4d4b7668c2c16360c8d169	396d9f7f430d834f5bbf2f1dd53a32a159ec309e506c0302cb14dd4f5c6f8618	033377d411d54fa84d55fb6836ec8a15456d0674cf6572b5e7e5e6b233232f43	a5cc3ecde9e13fc6d78db60375deaa233b91b6280f4c628bf51548a519919ae8	----------------------------------------------------------------	----------------------------------------------------------------	3532	2230	14	passed	passed	not-selected	not-selected
pairwise	pair-23	7640891576956012832	type	1	error	1	-	c8a7f00f70c448421d2dd73c79957cdef384b97a7436d0e83a116a01a5e207f8	62a0d1a6ade492addb733f851d95d9cdb97c38cd59fe742488f1eef5ac64bbb3	e6c2a5bb11a75763073275b8e62c681c883361f75e44b07782974b195f9a95e1	be202d2eb58ea54bc6926ac0412f7bce139aaaac0c1b04aef9fcd3d84f7d4621	52d0c4aa1e2f530a4186bef7edd3f80dbaa6ff967883a7ae4bccf48e415fa9d4	0ee4b4abc31a10c47e4de29ee28c3f4a9df0a300a87d8d89b7f97bea9533c52d	3535	2233	14	passed	passed	passed	passed
pairwise	pair-24	7640891576956012833	type	0	package	0	-	63e5f63c51233a37e057100e20d0ed33074fc599539c54ed2f2a36030a20064e	98d7e3a6979296bdaa34aac7e9f3cfcaa28c7c26773bd671b5a084fa4a07abb4	158caaccab200d41b643c64d9506f944bf5fc4599bc5bed99d650122395f4267	58f3e16916f364cdcee8977071b1137b9e301273f0e1552b4cc7559374928878	----------------------------------------------------------------	----------------------------------------------------------------	3532	2231	14	passed	passed	not-selected	not-selected
pairwise	pair-25	7640891576956012834	type	1	package	0	-	3c5dea4ebad7d2efb44baf62b8b41c79e933d477f5f2b338d57d30eeca4312f0	463b608455258bf2c9f057ddad9b9b2499ceb55c15a790e31e78f305e96210f2	e8b4b1e536f12c724f562456c4d79790f287beb847a0b59946eededf21736a3b	0ea2ca9a490be2d12f7b29f5c13c21846a86538b82c149a98e301a4df5f91d8a	----------------------------------------------------------------	----------------------------------------------------------------	3534	2233	14	passed	passed	not-selected	not-selected
pairwise	pair-26	7640891576956012835	type	0	package	1	-	72681f221e28abfbb53b48737d4fd14224d1d9b7ab889b2fc80ae90108f1c881	6932032e6dfba9db3377147a00c294d5acd58d400f1966f00b2f2ac10d3b7d44	137e39bf6af8eb50c2ab365cb3f511146d7ef46fbc05d4257807276a2fe289fa	cc2b36e9c2800e466d3e726081ca42b7b347274ad4a993780d108f2efa2a9221	----------------------------------------------------------------	----------------------------------------------------------------	3535	2234	14	passed	passed	not-selected	not-selected
pairwise	pair-27	7640891576956012836	type	1	package	1	-	9a1a8bcc8d67497825269959379bfe037ac218039ec7e0eca4667c823f3203a3	ff9f8c69114e6e6d40e9246b9af271b4ff5303d65ff505595c2a7705673cee24	3a352c3f0faa5c4ed8a26db337bc2115b42292d5aaab673c990269c3004cf786	ff02d32e45ad7932dfdba10cd2cf4bdf3d8cae313898cf066f498cd5ff608931	1898a5f858c2be153e0a9923b10d2d140cf9085f10e5c140be80f099fdf6b179	6069d426231b055e568ce37cb89dfe48e43585f2c827513ab8ebc04b4bb3c1c8	3537	2236	14	passed	passed	passed	passed
pairwise	pair-28	7640891576956012837	type	0	target	0	-	9f4a635a67e276ff3bec7af71d84e6fd258d8d4712866e0c66256f5e22f11fcc	bcb17c04e0c2888bb74074b539d7a03538f8d0644950d7e8b898be7ed4638cda	5171abf73cc955e10d1ec577c860f96254f21470f0ce77b035229fd987112079	017735be400305db08a2fabaf33a39b25fffdf26b46dcfb4a7fa5636d3523c52	----------------------------------------------------------------	----------------------------------------------------------------	3532	2231	14	passed	passed	not-selected	not-selected
pairwise	pair-29	7640891576956012838	type	1	target	0	-	420201d072eeaf68e6b5407544ff874a878a50223a0dec77c7f0810b26011a76	7c7c94e4b43db4f50deb59e0b6ed2217a705b813df8258289e1c1fe9e30d5f69	41a516314c3422c9dc1e33d3e3f33b9210e325f183f6f7fab33bc0ae789ab250	873cc44b78326b6e44054866042e0768e282870f54d0d9c5538cbc93811df1ab	----------------------------------------------------------------	----------------------------------------------------------------	3534	2233	14	passed	passed	not-selected	not-selected
pairwise	pair-30	7640891576956012839	type	0	target	1	-	77578bf905c284191ba5e6e9d59e9ebc0f7f64fb0c02f9ab2603df7ba0606fce	2ee9b8d00123f199a507ff02963f4d356fcd50933361206c88d2cb5213151ac9	8d17766dd7d98e912eda4790cace06aa1f9e655089e0a530a6f5d088e63e2ec3	d59827f6a2f1f26b915052c25003e7976b109258f3ec5fa7bfd4db8c00781913	----------------------------------------------------------------	----------------------------------------------------------------	4192	2689	14	passed	passed	not-selected	not-selected
pairwise	pair-31	7640891576956012840	type	1	target	1	-	5e41702035ff7c00844280b646e3c386d2c401911570c0a580892deb00cb64e9	d917dd8535b74cedfc0a56dac3e0338383679f39e3bca4ad1f4a84c3e1409b90	ee5660ee1c1367a3a7510c32f780b16bb9a6ab237eda64a03a3e6d0575f22c4b	80027ea75bb34ecf4be7edd552cfb94b473b8957cca80b53ba616087cfbced98	29854eec7a3476c86d3816946bd933899ab423eeab4e01fd99a3a45f6411bfbd	6eedc380cbbe68ae1f8ba57ac5ba1697bdde7f11b3ccb3c06546f4c3c620b510	4194	2691	14	passed	passed	passed	passed
pairwise	pair-32	7640891576956012841	control	0	memory	0	-	2d39eb99f7b87652c49d2d95752ad8002b3e67b47dbe27ac24a9b4c56ba91c53	10ac3829480d046016a8ae46b1fca8d3823173aab3ac48710a3db9d47ebc6a7f	3918a4648f6340558a518bc28aaf4f69b03b19f44a514d052c1ea679dac63180	e57bff8d5216bfd0f195dccddb5b4cd639a0f6b117f8bb1d90f5d36a61a9841b	----------------------------------------------------------------	----------------------------------------------------------------	3532	2231	14	passed	passed	not-selected	not-selected
pairwise	pair-33	7640891576956012842	control	1	memory	0	-	605b33745fcd4719e1fbf75c593515d800d526db89870778152c989769a10263	646527f3db1615551afa600b5a762ebfb19e13ed4f848df849c1de1314a8ce1f	d5be9d39310ee3b092cd4b86a87107e92ccef9a2668490746e9b1172a388a493	8e95520728f414d8cd66538aa15d29d76f34633afcdb0132e6bbad4b044a5035	----------------------------------------------------------------	----------------------------------------------------------------	3906	2295	14	passed	passed	not-selected	not-selected
pairwise	pair-34	7640891576956012843	control	0	memory	1	-	ed07d76eabc98332b1b8f809a24f1000c17c4afda544c9f198163de0dc50e8b1	bf998ed230061608e348c4425486c14e0d7119d0ea4566486acd5971724fec00	f85e2bcf2e6be43bbec1e3774fb2ef03637c5b70235883824b0be8d7502e59fd	32f2993863711565518801dc31542a799294204668382403a843a67958cd2487	----------------------------------------------------------------	----------------------------------------------------------------	3531	2229	14	passed	passed	not-selected	not-selected
pairwise	pair-35	7640891576956012844	control	1	memory	1	-	f9ea8b3c6cef47b7eef2dab200d6931663438cef1d230ec63cfe83da9e0437f8	ca45d80f7dc5cf5fde41848d83d4147116e82f58ff999e5718752a89d20fbe5f	8cb825578d4aa6eb2ed572e8fa6beb8740b6df42a8e0883394e087a12c247857	07b76bed57262539d9a858aaa839c10d34ad4d571d8599a8b14dfe84787d1430	4d68bfc413218f2b927ac7b06acfdb784869a857cf5c8ffb6167a4dfae882deb	97dbe3b510efb6f0a28f68cdc49bc905519953ac50a61f4e77ea4743ffcfdb96	3906	2296	14	passed	passed	passed	passed
pairwise	pair-36	7640891576956012845	control	0	alias	0	-	60ab51d928e965ccdaf40f7d98bd1540ced75902a5108b2dfb62502eeb996297	8870675745c370c597c351d86610eece28827e15edf58f7e31027833dda598de	34a69d0a9057a48d0cd8b0455b8b37edeccb25456075c09b0dd0f71648ff6be8	870e28a6afc6643ade98ddbe5b86d2d2d15dca10e269c8b7dbe94610e11262eb	----------------------------------------------------------------	----------------------------------------------------------------	3531	2229	14	passed	passed	not-selected	not-selected
pairwise	pair-37	7640891576956012846	control	1	alias	0	-	abd8dc5a97b22314477d20618a46a377c05ceb320875e801c6027118030ab0a3	266efb6de54e6066cc1530a97df24579b9fa089d20018f85fb0838b777dc1ee3	60ce6cba2ada7bc9bfafc3e617a7b11a7228a2c9f94b30a27638349fd8fb207a	2c36f8cccf27e6cab11c02e4483b2ea6bc00185f0f846efb44e698a08b588dbc	----------------------------------------------------------------	----------------------------------------------------------------	3906	2297	14	passed	passed	not-selected	not-selected
pairwise	pair-38	7640891576956012847	control	0	alias	1	-	6d2c1fa2387abdb9041f02e3ed4efe14886657789b3be0486ccb68c92cb7f1cd	7dc42be4e7dd7ea945dcf34908b6e7bb27c021e462eb465b6a9c1f0e50262aae	a3a6c91c57bbafa29eefd695f3fb6d1b311e4c21c7807355016ce6cc61234083	82293dd353fd7ded910fb62f2177fc5b415ed69f39a03e3b85d7d5f000cc09ab	----------------------------------------------------------------	----------------------------------------------------------------	3259	2839	14	passed	passed	not-selected	not-selected
pairwise	pair-39	7640891576956012848	control	1	alias	1	-	d4624c93b451b42017361544a1799330a3ac2d22fc5c1fa36ed47c1a6ab5026b	071a0f5f966cd4dd70c42045ca46a9e1e51f7828873503173d8db6db26b03607	bdc3b85fbac70ecc93d4de9fd75945c0dc47512e52efc27efd17875b34600189	a5cc3ecde9e13fc6d78db60375deaa233b91b6280f4c628bf51548a519919ae8	bb9eed6ecda68e6f3cd51308c42d7942754b51fc3b75be65c3583756077a2895	3db3bf17819d77c211eceab3645d824991b033185bb0b5c04887ffefb9b7bbbf	3634	3097	14	passed	passed	passed	passed
pairwise	pair-40	7640891576956012849	control	0	call	0	-	2ef6dbbe7a82962a61c8342e1008bfc058965bcc66ad8b58b3e288072f23f86a	d9e5d0d5c8e1e28b1eee75f7cf7e426a4ed1a26ebfa74c4e002f176ae331cfd0	95752c7254707aba5236cb5e4e614a500f8f24812ca9dd477c68a8e5cb964520	be202d2eb58ea54bc6926ac0412f7bce139aaaac0c1b04aef9fcd3d84f7d4621	----------------------------------------------------------------	----------------------------------------------------------------	3532	2231	14	passed	passed	not-selected	not-selected
pairwise	pair-41	7640891576956012850	control	1	call	0	-	070a88a6b498c59d7d4034258bcd7ffae8a93b555c2e3804c5d189b820e0b019	a58fa472a0aab30427e927bd7f9b552977b9bd59522de76ffd9a427b9ed10985	96f8149d40e0224c6760d193dfe3ae78ad53fe63d67f95697205632767dcc411	58f3e16916f364cdcee8977071b1137b9e301273f0e1552b4cc7559374928878	----------------------------------------------------------------	----------------------------------------------------------------	3907	2298	14	passed	passed	not-selected	not-selected
pairwise	pair-42	7640891576956012851	control	0	call	1	-	7801a74f157bd12120f3a9749dab099a6c6da7d8e240507466439fd745e83d0e	1f31d6eddeafb6fa7b298fb9a2244df25f802c9fbb7f16e0a9927e49312dcf06	56c33db5751d3af1730dbac79975ef31458537fb59555fc3cdd259ee3f1df95b	0ea2ca9a490be2d12f7b29f5c13c21846a86538b82c149a98e301a4df5f91d8a	----------------------------------------------------------------	----------------------------------------------------------------	3470	2231	14	passed	passed	not-selected	not-selected
pairwise	pair-43	7640891576956012852	control	1	call	1	-	b093db7ae8261af42469451148f2f7109d16689d273294cfa1d382144b553e90	3638c6c4e645b7a9d214914a10704aeb26be0ef69138ecef175f05b58ef21319	20e8792fdd1cb10ac9b628b3da1baaac8d844568e5653958c705705d6102f888	cc2b36e9c2800e466d3e726081ca42b7b347274ad4a993780d108f2efa2a9221	76e6f8589786cfa2895c0f85d1803b4a6b457ab2356d95a8bada3286a4901775	c28ece93acafca4a5c542c8bc5099fc461451df91c41c878d9df3e8688a4eba5	3845	2298	14	passed	passed	passed	passed
pairwise	pair-44	7640891576956012853	control	0	loop	0	-	96c1c6e437a978eb5f321279e19e6f52fdd73aef4861144cfb56df2f5a9dbe05	7659d0a44511bcbb3d88cdbcbd8afbf8330cd806d5048fc155d05547d92cba53	1ddbed6391755de8d14d02a87ead37b6b2cd1754a233182eeb9a8f523d0afab5	ff02d32e45ad7932dfdba10cd2cf4bdf3d8cae313898cf066f498cd5ff608931	----------------------------------------------------------------	----------------------------------------------------------------	3532	2231	14	passed	passed	not-selected	not-selected
pairwise	pair-45	7640891576956012854	control	1	loop	0	-	17efaec66fa4b725512509a3dc1cb816f155b3b5053ad15d5f70313a5db062c2	2c5d970c1185d832250cde5948a944329949ac4cebb170aceeee55d3aff5e182	392ea7695eafe734da09fb51565e310eb0de51f0ea5d65c4e054abad34889364	017735be400305db08a2fabaf33a39b25fffdf26b46dcfb4a7fa5636d3523c52	----------------------------------------------------------------	----------------------------------------------------------------	3907	2298	14	passed	passed	not-selected	not-selected
pairwise	pair-46	7640891576956012855	control	0	loop	1	-	2a8f93841c64095003de7331885910d057f1d2c83d7ebe9eabed0a03c5046af8	27e74fa5de05b1ca1862b5d179da57aaa9d5d2cdf9bfcd27453346ba7e80663e	f109236ae7fe4edbdcea9c2f47c83d043050d6b29859e43bf78fb7f0f678ba8c	873cc44b78326b6e44054866042e0768e282870f54d0d9c5538cbc93811df1ab	----------------------------------------------------------------	----------------------------------------------------------------	3630	2342	14	passed	passed	not-selected	not-selected
pairwise	pair-47	7640891576956012856	control	1	loop	1	-	9568902918b1ba26fc772c4a69feb7629023ce70b665c01b1e79b987c7f2e0d2	9a080c521ab40f9b1e087a7ae880fe1afd23d10ddb8921fa9790a3e4a3e2902a	f1e80317b8a9b0e115cd776d9742c257f91b38c980744fbb7cd6309a48d4a00e	1075c78ea42643326078a99cd484f60ab9b934f998f741a13d5db59b4d7937d9	d19f48ca9e066d496485711be69058f68fd35b72f9d1cc5c7071b48b93178411	de2289d19cda3e2c3576db1b41389ae25effa7255e21dc8b82a169c69ba7b160	4008	2409	14	passed	passed	passed	passed
pairwise	pair-48	7640891576956012857	control	0	error	0	-	35393b9c88263aaf1f58aaa889ba8d40f8a1edbcc3f06371fd1f8ce5d04b7b9a	ce21d446e0733059550b7abd31088adc5e1178937ddd649193db70d1ca6f0606	d9dd34948604c6883ff71981405275d0f5355a30d4891dcc70f30f4576f41446	95258d4b1cee6aa57ee0d59b052701f6661da1cbfe70c9f789cb38abf90ee40b	----------------------------------------------------------------	----------------------------------------------------------------	3532	2231	14	passed	passed	not-selected	not-selected
pairwise	pair-49	7640891576956012858	control	1	error	0	-	953c725c7bbd4c58c4bed33000b86646acbf499e56d42b72355f48543bc6f614	dec1c1337d72aec05d039762fd67149b543b286ff270300ad2640ed3ecbb3810	71f0b1728f9f49f7d4f1229e581689d516254b631e86bd398e7e23dabc088b5d	e57bff8d5216bfd0f195dccddb5b4cd639a0f6b117f8bb1d90f5d36a61a9841b	----------------------------------------------------------------	----------------------------------------------------------------	3907	2298	14	passed	passed	not-selected	not-selected
pairwise	pair-50	7640891576956012859	control	0	error	1	-	202866f7acc8f79e0e3fea665e7e70a6c3d25741acb2c26c34aad999f347c3c2	e53a6f943c1aa126ed293a77c4de16774bb2fbfdf038839b67f31cb02b4c0a06	be0e63d29076e71fb39e821208c101002079302689cab5fcbbf8e54cde01ea85	8e95520728f414d8cd66538aa15d29d76f34633afcdb0132e6bbad4b044a5035	----------------------------------------------------------------	----------------------------------------------------------------	3532	2228	14	passed	passed	not-selected	not-selected
pairwise	pair-51	7640891576956012860	control	1	error	1	-	39b33cb10cf92334d396c5f975c5e1ddc96b5a1d1c6617a123b479eb12269d27	f1ff8100820acec524544c35b5ff9f07dd4d6672b932bc1c52846fb527cceb6b	128f5ed31c87224748884bd2d5cfe7bca1a8cedb3152f7d1647d51d4bc405477	32f2993863711565518801dc31542a799294204668382403a843a67958cd2487	97ab8f611b136b2cc30077fbadc0d063f473411c48099155ed3a66139633708c	e0d9c1540b5f2a8e19c6d4e5216b58e48f70724b8b5c89e4da0c442b453df9b7	3907	2296	14	passed	passed	passed	passed
pairwise	pair-52	7640891576956012861	control	0	package	0	-	ab6a0d20aaed747d76d369c551905f7c070689871d14f58064df1e4285cda019	81274a7770a1a6c6f2b86c81f4a3b538a4a0ea7dffac7e32dc8e1aeb872ebbd4	daad5b6788f1d833f53c6b39c75298fc9b3506f5ee96716fca7caaf022218bb0	07b76bed57262539d9a858aaa839c10d34ad4d571d8599a8b14dfe84787d1430	----------------------------------------------------------------	----------------------------------------------------------------	3531	2229	14	passed	passed	not-selected	not-selected
pairwise	pair-53	7640891576956012862	control	1	package	0	-	8e13bedff499af0fe82fe7f5341dbaf085c017e62d661a95a842fe25dde2d74d	a88a361b169171fe7f51f8f4f16f5065aff001a1478a69ea1f9f71d74aed208b	e8e3904dccc8e69504c4fdd1c3f2e6092c86190c3dfa13016e429c99ff72ed9d	870e28a6afc6643ade98ddbe5b86d2d2d15dca10e269c8b7dbe94610e11262eb	----------------------------------------------------------------	----------------------------------------------------------------	3906	2296	14	passed	passed	not-selected	not-selected
pairwise	pair-54	7640891576956012863	control	0	package	1	-	d1906cfd154ec47873e04d93938bb894b046a1504d11726e9cadae79dfc1d047	982f70da357f97ecb81891540cbf3efee240e1d0d4689588bd5051ecb4b83ee4	eb501374072f246022d1dcb6ea08d887907249b7d8979f03222edcfa6011bc38	2c36f8cccf27e6cab11c02e4483b2ea6bc00185f0f846efb44e698a08b588dbc	----------------------------------------------------------------	----------------------------------------------------------------	3534	2233	14	passed	passed	not-selected	not-selected
pairwise	pair-55	7640891576956012864	control	1	package	1	-	d576eaf5018fa0631230288d559b5b280c5cad27ffa7064f41caf807f14fe55d	681612c3c821ddeab5f5abca2f287767a350def83f0ceb5b1867d0c7fb2b3ebd	782a32e976124dd33a5029279d8e093671fdbed2e4a8cadcfb3851d0ae771e79	82293dd353fd7ded910fb62f2177fc5b415ed69f39a03e3b85d7d5f000cc09ab	31f1ffdfb7e519470901ed2e28184025896dc0abdc67cc64c7ceb6b9c519ace9	a83e409ef4c32bfa1b7f99cee360905feebc68762a14c750d9afe79969f5c4ed	3909	2300	14	passed	passed	passed	passed
pairwise	pair-56	7640891576956012865	control	0	target	0	-	4634b9ab4366bca861581b06ca4d6d46e0cc8d568e4ce1cb37fdb9789281978e	d21da4118c334f7f461960c7a2fad182bd161eb5ad864285f88e52e5d25b6146	08582c2286032fc61a207ae8965d7b57dbfa6d5d1b65ce4953b4d07265bafcae	a5cc3ecde9e13fc6d78db60375deaa233b91b6280f4c628bf51548a519919ae8	----------------------------------------------------------------	----------------------------------------------------------------	3531	2230	14	passed	passed	not-selected	not-selected
pairwise	pair-57	7640891576956012866	control	1	target	0	-	86066f75ff6d5195367935343d1c7f8fc41959ab34f9ad6a8ccd73e7a69e139c	09857ce51cb2f58af2f4ead53e5a4c2229babe41a7591b1620c0590d7e223c15	e827331bf0b4b2d8bd548c4b2b2958f3bac39ed50e3ab064bd924ea2e33a1b46	be202d2eb58ea54bc6926ac0412f7bce139aaaac0c1b04aef9fcd3d84f7d4621	----------------------------------------------------------------	----------------------------------------------------------------	3907	2298	14	passed	passed	not-selected	not-selected
pairwise	pair-58	7640891576956012867	control	0	target	1	-	a3f8874a7d067ba260878f4675630281cd1f1febd7adef98e8e3d358e86f776a	42315c11f89875ae077be18e54db56a8333fa6eb7b43e81a94870f1a11df1909	b205d65af7b7109c97bedb27b584a696ed563396f0f1856c51d3f04ce52f5b50	875d94e3fd6beca0ed8fd30fde43894a337eebb01619eeb554b783b093f9a5f5	----------------------------------------------------------------	----------------------------------------------------------------	4192	2689	14	passed	passed	not-selected	not-selected
pairwise	pair-59	7640891576956012868	control	1	target	1	-	39d7ce4c8fe43759e49977e697785084aa22a73cc39c3dd36c6b9dfa0f67117d	ba36fd3216e5a04c0524c796f24977967d196c2d8d26ab1242f86308fb98fbad	cb5368621d442a0b39a7ff17e74ffb44f48c86e6b6c0e1a85d5d4a5abbb375e9	46180842958248479037a6a3fd5ffa5c77650900329bd283442f06fe261743ef	7653491203da8643e3ff728e6d42a148b3396a29d8c01379f956a3a73ea5becb	334bcba00391ee5b51c6cee275c13dd79828680beda9805f5b55640599fc42da	4567	2756	14	passed	passed	passed	passed
pairwise	pair-60	7640891576956012869	memory	0	alias	0	-	354b7a8bbdf5c2f71ff664e414f3fa71dff6c6c8b7a572c000c7c2997b42bced	694e992f1128b476cfeb5fc4832843a8a70e5a78622b06b80496d375868de777	ba7f5904baa281b81719f0d52b3dc901ca65703a6a88a6095e22ca9488e64cd2	cc2b36e9c2800e466d3e726081ca42b7b347274ad4a993780d108f2efa2a9221	----------------------------------------------------------------	----------------------------------------------------------------	3532	2231	14	passed	passed	not-selected	not-selected
pairwise	pair-61	7640891576956012870	memory	1	alias	0	-	c26a4511703450eb2e07a9cd53355377f8ddf631b7d3a0bdcbcaa74b81780c5a	4fa1c1dddaedf1e9966d17034135eead5eb3d704a47d899c3e2468c45b9d1afb	ef80d687a89774e7144a4bcb054b5fba578535cf02ec130bf2ee7657b0a6c523	ff02d32e45ad7932dfdba10cd2cf4bdf3d8cae313898cf066f498cd5ff608931	----------------------------------------------------------------	----------------------------------------------------------------	3532	2231	14	passed	passed	not-selected	not-selected
pairwise	pair-62	7640891576956012871	memory	0	alias	1	-	d702cf9289d982a7e036c0f52a534e83ca4eb9a81ba7b605f0de6b95fe923ffd	4500c73cf043688af3abe81128ccd38391256d7ac02a6f93531412bf3de10d88	330eedad7eb64db47d9baea623ef95a8e04cd395aad2ce6b28ae4c5c1d17e88a	017735be400305db08a2fabaf33a39b25fffdf26b46dcfb4a7fa5636d3523c52	----------------------------------------------------------------	----------------------------------------------------------------	3260	2840	14	passed	passed	not-selected	not-selected
pairwise	pair-63	7640891576956012872	memory	1	alias	1	-	01178d48c133f3455443e1e5ffc90de1e1d78ffd0eafd16e4435f6737ecda393	60e17281b773c112b5b2896ca47b59062e0a8ff2397b79fe6c799d20810d616c	107186a5a5067a2b509097bf9e83b2f322117e5c4b5d397f75d42a6b39f908d7	873cc44b78326b6e44054866042e0768e282870f54d0d9c5538cbc93811df1ab	c483ee61c5db49dcf041d27c71d766059a8440e210d73a59b84e8a6f88cfb81e	1b9555fad20ed0c89a7ec4bf284e28dbb08920fc8384f077e428d7ab29c6a492	3260	2840	14	passed	passed	passed	passed
pairwise	pair-64	7640891576956012873	memory	0	call	0	-	908e3131934aab2f7cdd4a3f6e47d99a29ac026ecc6d1390097e019afc307877	c86336ab62abb6606ab2959de390f24d4b003fdee92d3cd43bae8325b7c4710d	f48b890f2afa8bb858fa9e0eebbe437a3e0a78f65658694144c230854cdacb56	1075c78ea42643326078a99cd484f60ab9b934f998f741a13d5db59b4d7937d9	----------------------------------------------------------------	----------------------------------------------------------------	3532	2231	14	passed	passed	not-selected	not-selected
pairwise	pair-65	7640891576956012874	memory	1	call	0	-	6a64dc5e3649ab5ae5d729e3b37f9984f60b66059df316d6c559bc7691b0cf31	3dad07f6f866476cb08f2e52f4698a4d5b7abb6aa2b9c53f92c634f9ec49bd1c	f78bd77b8ca1936d711324b36ae6cf3055286f95adcd9fb2f9dd91438bd07d06	95258d4b1cee6aa57ee0d59b052701f6661da1cbfe70c9f789cb38abf90ee40b	----------------------------------------------------------------	----------------------------------------------------------------	3532	2231	14	passed	passed	not-selected	not-selected
pairwise	pair-66	7640891576956012875	memory	0	call	1	-	107236e1ca68e73cedc671632d475b4f31fb1188b8de4f38ed5eb797e2553120	f136b944374cd50b74f2bfe4b0144cfbc7b54e06985a59c0c93647df370990b4	b331f840a0cc1d4eb46b880f3f2d804d124b9c0994328a8a761e236299d9de2e	e57bff8d5216bfd0f195dccddb5b4cd639a0f6b117f8bb1d90f5d36a61a9841b	----------------------------------------------------------------	----------------------------------------------------------------	3470	2231	14	passed	passed	not-selected	not-selected
pairwise	pair-67	7640891576956012876	memory	1	call	1	-	1bdc13fda201be873a6b5b5d039eab54c8f6077a8542e609945c69f29a5825d6	55c330e99af4510f21ef69a9db0c8cbed9a2a5ffe203494c63c64510d7976b86	3fcd7f2910bf790c737cb9bff928887946aa92fd2e8dde7e0979d100d9645ffc	8e95520728f414d8cd66538aa15d29d76f34633afcdb0132e6bbad4b044a5035	81fed7f2a05fd28ba9779547e0d1660d26f11ea21868c8b88ea712d6c2a25d82	3dcc5dbfaded16400f45b701c1e5438c5d7bb9dc8c5dbbfac72167536082a270	3469	2228	14	passed	passed	passed	passed
pairwise	pair-68	7640891576956012877	memory	0	loop	0	-	55592b8d4f009d022138692165086c74d72608eaf16dfc90623af73f09909b60	60ecc42ead09e90f882c95735c8a008d282c74ac70067c476f0800d58ee67217	ebae4e17cd68cb82c51553783f5d4d1c6e0a16b18842134e4bb5291e46915c8b	32f2993863711565518801dc31542a799294204668382403a843a67958cd2487	----------------------------------------------------------------	----------------------------------------------------------------	3531	2229	14	passed	passed	not-selected	not-selected
pairwise	pair-69	7640891576956012878	memory	1	loop	0	-	9458adff26c6dc9de36a640850fc5b0e6c7595c1981286c2d2232cf481af8a04	109cca10eb794a786c7c554e696db574ea4a876d668ad37b9f0f89efe51e50d8	e35e28faed4f7043622432994cb00a7b559755158a0ae7012b79e84a629cbb0e	07b76bed57262539d9a858aaa839c10d34ad4d571d8599a8b14dfe84787d1430	----------------------------------------------------------------	----------------------------------------------------------------	3531	2229	14	passed	passed	not-selected	not-selected
pairwise	pair-70	7640891576956012879	memory	0	loop	1	-	f6549e50671b3883a3f901ef5e5fbad2e90363f8e80e93f1a4560b3c1cf280a6	6912cdadc118bd395277336133a9cbcfc1684a3fe8038988496dd993490ccd69	e943ff580873890307a199cf19b6afa7ef9698e91c1c27fff0f80ab447ac099e	870e28a6afc6643ade98ddbe5b86d2d2d15dca10e269c8b7dbe94610e11262eb	----------------------------------------------------------------	----------------------------------------------------------------	3629	2340	14	passed	passed	not-selected	not-selected
pairwise	pair-71	7640891576956012880	memory	1	loop	1	-	b34337c6447f87be68bded3f745770202d5c72bed97ed5fb2b67393acc41d597	93e480b9d0e48cf9ef09f4e79e73c04f096a19b955e23d982520a7129891d78f	2c960eb7a59abef22fa275425763a78d661f32df8559b9444293b72d22799556	2c36f8cccf27e6cab11c02e4483b2ea6bc00185f0f846efb44e698a08b588dbc	617396238a12f90ec5264372cae3dce5fef4588155c49d27b6e0459e36bc0fc9	1e537cfb86c2eb3435712ea2c1423095833dc6d9943bcef3d64ac4c858cd6492	3629	2341	14	passed	passed	passed	passed
pairwise	pair-72	7640891576956012881	memory	0	error	0	-	ca0a7f1def9b176eacbbf3cb30ad8f5067d4caa78374e7e7b6c0369963577905	7f53c970cb1991b37b3e20bf4973d232f618b4bb9df40d9bdce68d5f1d32c0bc	3e3d97be01c52d6d82962f5e17e6ab60edd0196241105ca23dcd7717186edf76	82293dd353fd7ded910fb62f2177fc5b415ed69f39a03e3b85d7d5f000cc09ab	----------------------------------------------------------------	----------------------------------------------------------------	3531	2230	14	passed	passed	not-selected	not-selected
pairwise	pair-73	7640891576956012882	memory	1	error	0	-	adf12c2acd76ceccd2ca09cc0fc2fd58e895040d11e047649328198641191b5b	43540560213fc1be6fefe95d6ea17a4630232feb765a29ca63a8760dff891103	7f81eccf065268b60df98c59e6894b2c543ee9f4ec8acc5580efdde5bf13c084	a5cc3ecde9e13fc6d78db60375deaa233b91b6280f4c628bf51548a519919ae8	----------------------------------------------------------------	----------------------------------------------------------------	3531	2230	14	passed	passed	not-selected	not-selected
pairwise	pair-74	7640891576956012883	memory	0	error	1	-	ba988117479765dd4e4e405faada6f3842deaf8436c8f592967183d1fcfc3d4f	d47bbb4a739d7dfa00776ed9e836095f124274f0ccafa7ca83eeb2af309923cc	eaa2eeb9dfd3a06cec30dce3b91afb07b47b5e9cf399519e05257dd1deda3a20	be202d2eb58ea54bc6926ac0412f7bce139aaaac0c1b04aef9fcd3d84f7d4621	----------------------------------------------------------------	----------------------------------------------------------------	3533	2231	14	passed	passed	not-selected	not-selected
pairwise	pair-75	7640891576956012884	memory	1	error	1	-	31afa7acbb097e1f8a7cf2add27efc119450d925752d7764c3628713d597d511	08e0e1a7c8f9046c2c194da15ff46e9da7e934f08d37bbb4e475b815d8ae7b4c	87b0fab591e154ae1d1b0dc42f04df98c822cb7c1b77f7f8e960791cba263887	58f3e16916f364cdcee8977071b1137b9e301273f0e1552b4cc7559374928878	cb1eb8b2041a8a8662d8a3441200635b262608e34f8a197e220b088a073cab3a	fbc2f90c4de6c74f1e2775f09f10a411dea99a7d8b312be302d8ab17f66a0eb6	3533	2231	14	passed	passed	passed	passed
pairwise	pair-76	7640891576956012885	memory	0	package	0	-	95200bab004ee9e8a1bd02cdb455c7b2e653f156f2ec50127012a249d96c4239	db46bf6918c399943dc8640c4b8fb644c784b0ebf4825e84029c5e39484915ed	9236ceec8e7942a0465bf9f58a94518387da126d03a296472f8f2d61cec4d882	0ea2ca9a490be2d12f7b29f5c13c21846a86538b82c149a98e301a4df5f91d8a	----------------------------------------------------------------	----------------------------------------------------------------	3532	2231	14	passed	passed	not-selected	not-selected
pairwise	pair-77	7640891576956012886	memory	1	package	0	-	edf64d4eaf8568a4226d33417487d9d059bff22b588b48ed053d8514f9f8227c	e1d660eb1020d4679abc9c4acf51490c2f5a682c0577592ffa9e02f4d2bd6b34	88159f2d977e33877b62c687188353182dff86f358bbc8d07dee471c83078798	cc2b36e9c2800e466d3e726081ca42b7b347274ad4a993780d108f2efa2a9221	----------------------------------------------------------------	----------------------------------------------------------------	3532	2231	14	passed	passed	not-selected	not-selected
pairwise	pair-78	7640891576956012887	memory	0	package	1	-	151183597761a0cfdef899f14dfb2e9766d489b8f9970accb80b1d88fe873c6e	cb122d35d50e241539ac4f3a8eeda843523988b2d92f88188ff09add1daa2e4e	44dab29f6ad766a690e370b03d79dd92b9a9cde1b71debca5d8b75be071d2438	ff02d32e45ad7932dfdba10cd2cf4bdf3d8cae313898cf066f498cd5ff608931	----------------------------------------------------------------	----------------------------------------------------------------	3535	2234	14	passed	passed	not-selected	not-selected
pairwise	pair-79	7640891576956012888	memory	1	package	1	-	4bd320417122e06bdb9215bdf47d2c27215a0d10593b565e4511a694151cc332	1adbd541cd8a6503f8e6710e91ab3ee18312cc542ceb1edcdda6304e99cbaa44	9ec5c39eefb3691b3ecd4524f8db3c34a65d3d833770ec73e360c3dd3ca47915	017735be400305db08a2fabaf33a39b25fffdf26b46dcfb4a7fa5636d3523c52	703dd3b07e5b88bc5a3c49018c6509983f98d48c7f1d29c28c757c215a6c2897	dc238c18fc2637b1aa90a0b84e482c285b1979883bc9699e8de551b9adc2cb06	3535	2234	14	passed	passed	passed	passed
pairwise	pair-80	7640891576956012889	memory	0	target	0	-	0fe19a7694b3b4c9865e5d150fd926989eb3064665bb8d30ef6843b5454103c7	b391be92c25581f1bbb4caa112ec8534b15e670a71a720cadd6107b583d72a0b	0cb029b77caf133a39b9b5d3ff9764b30a4c860ab67856e557889dea82193502	873cc44b78326b6e44054866042e0768e282870f54d0d9c5538cbc93811df1ab	----------------------------------------------------------------	----------------------------------------------------------------	3532	2231	14	passed	passed	not-selected	not-selected
pairwise	pair-81	7640891576956012890	memory	1	target	0	-	c2b6eb4be05d4143a922395534c0750c14858c579bab0d50cb80894744924ac0	15deb9edb7dd6db58b34740096a80468727261f164d1a5f4172349b8797d84f6	80ab59c5eba7e0b8150e1638379e2e3da7ecb01d0ba3fe23c3cbbff3a2383363	1075c78ea42643326078a99cd484f60ab9b934f998f741a13d5db59b4d7937d9	----------------------------------------------------------------	----------------------------------------------------------------	3532	2231	14	passed	passed	not-selected	not-selected
pairwise	pair-82	7640891576956012891	memory	0	target	1	-	aaf0b8b2d183af77c726b5a9e7ad08885ed5f92963ddd5a9bedc86441e5c7b27	38fb08df5faffc4b599c62202c94df8935a93e2695bbcde0923da46d0e4ef98c	0dc85c273ef18cedd7b06c9adce3fc85b21c6b9f46d472563626dfb239e1c8ef	80027ea75bb34ecf4be7edd552cfb94b473b8957cca80b53ba616087cfbced98	----------------------------------------------------------------	----------------------------------------------------------------	4192	2689	14	passed	passed	not-selected	not-selected
pairwise	pair-83	7640891576956012892	memory	1	target	1	-	810b9f004950f0919f1f4a79fd7cfd8c7498741eb7b77c0943172f2d30bb8e1c	6d119d9abfb53e1e0891a383325c03b5a237abf7bf04adfaa1b7be991f8adb50	9b6cfc05e037a9ce28c87f931a0addfe3adc6228511dd99faf99e50256a93a8e	d4214ad5f8f004d100efb985679dfad62376f014b7a4b41ad148d63d1dbefdd5	b2d98bf8c096bc049758efd680c8b567f81ab594bfba4df40716fe734365ec5d	6a633c0224f16390b4299539290844f0d6542752e28eddf6af3cb540368384b6	4192	2689	14	passed	passed	passed	passed
pairwise	pair-84	7640891576956012893	alias	0	call	0	-	89e8dc05240c975def59dbd9e7b0c36aacb33f9b67ffc82424cb370a51311ab6	8e64095b6520d4f03d13d2fcfba735e5cbe20fe58c02580db5237a2975a3601e	20728c7bcef9224a85afcaec68f2e0dbcf1cba53f6d4b5f7592bb2ecfbba01a2	8e95520728f414d8cd66538aa15d29d76f34633afcdb0132e6bbad4b044a5035	----------------------------------------------------------------	----------------------------------------------------------------	3531	2228	14	passed	passed	not-selected	not-selected
pairwise	pair-85	7640891576956012894	alias	1	call	0	-	b815b388b2ef85df19746845b22a3622184857cc97e5f32e2215d1fe7fef3e16	d3895765597ed2d373cc170ff7bde3c7f7c0009145fd76fd81d19ca12be68d0c	04f80d92167f61b9537721dab54981bb6821c599a1966e2cddb12b07709f68a0	32f2993863711565518801dc31542a799294204668382403a843a67958cd2487	----------------------------------------------------------------	----------------------------------------------------------------	3259	2839	14	passed	passed	not-selected	not-selected
pairwise	pair-86	7640891576956012895	alias	0	call	1	-	bc47dca4077321ed7d34f1755fb6d65fc2352ffeb9ccddb90bb955eb9f2b5577	280076d6f4a5f7c14f2d94814d698d93f535ebeca617bd2f14e8da8d1ae7f9be	0f48144e77b45a716e07241ecad3fcf220f64267c69238ae015dd7052330e908	07b76bed57262539d9a858aaa839c10d34ad4d571d8599a8b14dfe84787d1430	----------------------------------------------------------------	----------------------------------------------------------------	3469	2229	14	passed	passed	not-selected	not-selected
pairwise	pair-87	7640891576956012896	alias	1	call	1	-	820fe1377974a098fd135fb9aebe74b0bbc1fc35ec2be9f0c562eab74bbaad30	31a41f5ec63944761fdc2461a3576d53588bab914659f492ffe978c580ada81d	df97b060b7a10af90228798a9160529f1d5f473305fcf858df1ced15aadc4ee0	870e28a6afc6643ade98ddbe5b86d2d2d15dca10e269c8b7dbe94610e11262eb	6dffea90a3cfeae9bce77d8c9ce94a6894ae997b74eaa9cd6e27ada0fe582164	2bbcc36962af24138ca53cdc449617c4eebfe3df6f647351d98519c03e10c482	3197	2839	14	passed	passed	passed	passed
pairwise	pair-88	7640891576956012897	alias	0	loop	0	-	c4debed08a720dc6bf930792bb8764040eeca502d86f66409dcbda73cf0816fc	95fa954b726cc21d0709bf7e9957d8d8f37c75f2398d0802a215b82fedc09110	21f2a1e732867f3d6b14db0d3c3eabea6af3e33f869a520e7830abda731b8827	2c36f8cccf27e6cab11c02e4483b2ea6bc00185f0f846efb44e698a08b588dbc	----------------------------------------------------------------	----------------------------------------------------------------	3531	2230	14	passed	passed	not-selected	not-selected
pairwise	pair-89	7640891576956012898	alias	1	loop	0	-	6d2c1fa2387abdb9041f02e3ed4efe14886657789b3be0486ccb68c92cb7f1cd	7dc42be4e7dd7ea945dcf34908b6e7bb27c021e462eb465b6a9c1f0e50262aae	a3a6c91c57bbafa29eefd695f3fb6d1b311e4c21c7807355016ce6cc61234083	82293dd353fd7ded910fb62f2177fc5b415ed69f39a03e3b85d7d5f000cc09ab	----------------------------------------------------------------	----------------------------------------------------------------	3259	2839	14	passed	passed	not-selected	not-selected
pairwise	pair-90	7640891576956012899	alias	0	loop	1	-	240a4426d1d3355afed6c1951932b610199f693cff3b23cb6d9aaaba468ad5f4	ed666f778d35c2004212780de5b164adf16babd8ba50bb8143b58c621b9c7d5e	7602acee9df3a1ae1013bb70deb34e49174a28a3c47eebdab67fb0b21cf1e3c7	a5cc3ecde9e13fc6d78db60375deaa233b91b6280f4c628bf51548a519919ae8	----------------------------------------------------------------	----------------------------------------------------------------	3629	2341	14	passed	passed	not-selected	not-selected
pairwise	pair-91	7640891576956012900	alias	1	loop	1	-	b24a3b82c326b678ca4df11fb146e94c280573cf410a4ca6963c05b6aa83e61a	467a02d0b7d94af49c8efb14273ec2192a65d35d8c4d64ecbec69986173bbf2b	d16ad8f8a38e4657204af22816b06f89dea42add6f65ce0e778317a3dfd99a01	be202d2eb58ea54bc6926ac0412f7bce139aaaac0c1b04aef9fcd3d84f7d4621	a8c0139d18b08a728ade17eaf1f1d290b3c9a7ae627430c8f854b516ac6a4277	84ed08158278502015b4cb4b3a7bb60fa7c85eadb4ee425477d4e12e6b99d5cd	3358	2951	14	passed	passed	passed	passed
pairwise	pair-92	7640891576956012901	alias	0	error	0	-	63e5f63c51233a37e057100e20d0ed33074fc599539c54ed2f2a36030a20064e	98d7e3a6979296bdaa34aac7e9f3cfcaa28c7c26773bd671b5a084fa4a07abb4	158caaccab200d41b643c64d9506f944bf5fc4599bc5bed99d650122395f4267	58f3e16916f364cdcee8977071b1137b9e301273f0e1552b4cc7559374928878	----------------------------------------------------------------	----------------------------------------------------------------	3532	2231	14	passed	passed	not-selected	not-selected
pairwise	pair-93	7640891576956012902	alias	1	error	0	-	806ea0dfd2aefbea98834b530bb3ddcf1a8c7ad7aafa13bca686397cf9e7900b	f3aee312a5ce091c58e3af961eb99fab978d0101d904853d854bf44b4c92a61a	f8fe92b8a5c7031074747b6c6c529b7d00f8713daaa14917a01989421a48346c	0ea2ca9a490be2d12f7b29f5c13c21846a86538b82c149a98e301a4df5f91d8a	----------------------------------------------------------------	----------------------------------------------------------------	3260	2840	14	passed	passed	not-selected	not-selected
pairwise	pair-94	7640891576956012903	alias	0	error	1	-	f2a15a468b4f722bf4787a1b84d20959b9f71b7ecd47dae930884bc253317b51	aac787ed278e36753d7166b37fb4a9ff25e5ab6e93f07b231c5d1bd767f7a7e7	c53fa01af652d3c256ea762ce4ca00af54ccc7b31b195a79ae9939a6e6e54e4e	cc2b36e9c2800e466d3e726081ca42b7b347274ad4a993780d108f2efa2a9221	----------------------------------------------------------------	----------------------------------------------------------------	3533	2231	14	passed	passed	not-selected	not-selected
pairwise	pair-95	7640891576956012904	alias	1	error	1	-	6182a61db354f765a8fc998a60b772951dd2069f6b62e9090e117ef7ce772469	bb13f197786996ec87d11e6977c329c8ed680d59c55b7f549fdff262581aec89	4d3cb61c214ddd0962d08efae41dc9cb9b2c88ee6c2487442a32b0f97990c7c1	ff02d32e45ad7932dfdba10cd2cf4bdf3d8cae313898cf066f498cd5ff608931	a078565b69c7090222307c37bf23d5f346eeeb7a99405837d5ca922592d445d4	a6ef5f60fd3747cc0dad54474bce9f7b80cf29055362eeaf870d242bb8fb863c	3261	2840	14	passed	passed	passed	passed
pairwise	pair-96	7640891576956012905	alias	0	package	0	-	9f4a635a67e276ff3bec7af71d84e6fd258d8d4712866e0c66256f5e22f11fcc	bcb17c04e0c2888bb74074b539d7a03538f8d0644950d7e8b898be7ed4638cda	5171abf73cc955e10d1ec577c860f96254f21470f0ce77b035229fd987112079	017735be400305db08a2fabaf33a39b25fffdf26b46dcfb4a7fa5636d3523c52	----------------------------------------------------------------	----------------------------------------------------------------	3532	2231	14	passed	passed	not-selected	not-selected
pairwise	pair-97	7640891576956012906	alias	1	package	0	-	1ac4bf0ab5c3e8779f242cdf94e0652485584510253a16a463f92ce85a5d233e	8fff884cd320048a94eb594475dcfb7c423ea6b43e1d5adf840b4984d0a14e9c	998fa965e445793d5225244743c0527e94d22e32f4c873a18309c6a759e97298	873cc44b78326b6e44054866042e0768e282870f54d0d9c5538cbc93811df1ab	----------------------------------------------------------------	----------------------------------------------------------------	3260	2840	14	passed	passed	not-selected	not-selected
pairwise	pair-98	7640891576956012907	alias	0	package	1	-	b72f439aa9f99fce5baac9c63cd9b56679a1072ebdb1652e5f15fa07ee8dcd68	047bf10a8093de865617f53d8ce6a755dc53073bda45ba3e9dc6c1ac5fe5acc1	6ef07079ddd99bd33f3d271c81ed435324082dc7caf9d615eafd20cf5b981157	1075c78ea42643326078a99cd484f60ab9b934f998f741a13d5db59b4d7937d9	----------------------------------------------------------------	----------------------------------------------------------------	3535	2234	14	passed	passed	not-selected	not-selected
pairwise	pair-99	7640891576956012908	alias	1	package	1	-	53775353987770ad425347a1f8466e69742979c884c6af98ad1e764a589ff59e	be98c7806bc41b37d46a1e82c9a616520e6e16dde63fcbda796f9001abdc9a13	4dc7971f70df91d6feeb1ae0298b6481d5f4eaeaf733a87dee03fd5965635b99	95258d4b1cee6aa57ee0d59b052701f6661da1cbfe70c9f789cb38abf90ee40b	00fc3ac5296881f37bcf95a7a197b9508125a03753309f9302c1fe271990b97a	259a53c400717420860f80effd0241199494cbeb8bbefc90af586b42968c7d05	3263	2843	14	passed	passed	passed	passed
pairwise	pair-100	7640891576956012909	alias	0	target	0	-	2d39eb99f7b87652c49d2d95752ad8002b3e67b47dbe27ac24a9b4c56ba91c53	10ac3829480d046016a8ae46b1fca8d3823173aab3ac48710a3db9d47ebc6a7f	3918a4648f6340558a518bc28aaf4f69b03b19f44a514d052c1ea679dac63180	e57bff8d5216bfd0f195dccddb5b4cd639a0f6b117f8bb1d90f5d36a61a9841b	----------------------------------------------------------------	----------------------------------------------------------------	3532	2231	14	passed	passed	not-selected	not-selected
pairwise	pair-101	7640891576956012910	alias	1	target	0	-	97aabfb99527c0ba67a87d5d65719ea3cc2467b2ec99814ad3bd0b0422111f6f	49a00bbd95af3f6b5975d3caaf34718195b09f2dd7d923a01c771c1948efd64d	80035792d4336f9138f13661b4b801c3211fb3ca094979938d97bef880cbf4cf	8e95520728f414d8cd66538aa15d29d76f34633afcdb0132e6bbad4b044a5035	----------------------------------------------------------------	----------------------------------------------------------------	3259	2839	14	passed	passed	not-selected	not-selected
pairwise	pair-102	7640891576956012911	alias	0	target	1	-	d49094f753399cf11ec3d89ab2c7475ac181dd27d17a16ccc36c7a544fac8c25	a74ceaa4aabd5f0bfe6b3a59e8a009520c7cc07007de7871f5104791fbecf37e	f01b58ae1749f6723a5da4a63b1241e4ac1334743913ed411fc71588d73d08c2	115167330c6bea51b4b8c196bcdc32bb9b460df1b3e672a68b29a8e2865b370f	----------------------------------------------------------------	----------------------------------------------------------------	4191	2687	14	passed	passed	not-selected	not-selected
pairwise	pair-103	7640891576956012912	alias	1	target	1	-	557d52163182f227f03c7a3ae6ded7e507ef2e4d6141623fdb39587e80bd6612	55700bea306851f1598559a4ed1ab3ad8d7e33e9e3874953a7b1ed25088622d0	d7dbf82a470b6026b59a55ba385c5c8872b4e97ea12ebeb87bed83f953ca463f	1191f30ebb9c871a104bb1e69eb0886b786c07f03070c691e662c34a7d25d354	4f4a4c1813abf6f15c4c09252dc940c47039810587123f693df432400effc2a8	91e073a8afb5583098c6734ae86cbac698d24907a68abaca40841003aca868b3	3919	3295	14	passed	passed	passed	passed
pairwise	pair-104	7640891576956012913	call	0	loop	0	-	60ab51d928e965ccdaf40f7d98bd1540ced75902a5108b2dfb62502eeb996297	8870675745c370c597c351d86610eece28827e15edf58f7e31027833dda598de	34a69d0a9057a48d0cd8b0455b8b37edeccb25456075c09b0dd0f71648ff6be8	870e28a6afc6643ade98ddbe5b86d2d2d15dca10e269c8b7dbe94610e11262eb	----------------------------------------------------------------	----------------------------------------------------------------	3531	2229	14	passed	passed	not-selected	not-selected
pairwise	pair-105	7640891576956012914	call	1	loop	0	-	ba45fd00881fa3186b0f35c1f3044a059876b372246b6025151c284b39f9ba55	1c628a7c264f8343a7f3f16564e1ac6a74f0f470f39e38508edd3c1f87b1562f	95321ac99d7118febdc52fb988544435f79e00f8f36a0ce447673ac30ecdea4c	2c36f8cccf27e6cab11c02e4483b2ea6bc00185f0f846efb44e698a08b588dbc	----------------------------------------------------------------	----------------------------------------------------------------	3469	2230	14	passed	passed	not-selected	not-selected
pairwise	pair-106	7640891576956012915	call	0	loop	1	-	270d65c6e9e8ba0eb6ec2844c8a4354a254dff1c8b4636f3e5772d48304f5a43	a4625e3493dad80a74b609cb585aa9283458ac477d63a000cafe98d986c4a8fe	f52f62aeb4ee2c380a858c6c64b31777c64ada3cd3af14dfdf81462c1abb962b	82293dd353fd7ded910fb62f2177fc5b415ed69f39a03e3b85d7d5f000cc09ab	----------------------------------------------------------------	----------------------------------------------------------------	3629	2341	14	passed	passed	not-selected	not-selected
pairwise	pair-107	7640891576956012916	call	1	loop	1	-	5d0de385dfe61e05f381d4accf01bfc5358279564515d40e574b70f9f17089be	a25be4838ad2e78fb74c730cce1383c18e5fcdc75621da79f609a72365f6e553	0a0c8b32906ec2848c2179fbf7bce1c9b65f462ff71b84a4a573542e4f717b03	a5cc3ecde9e13fc6d78db60375deaa233b91b6280f4c628bf51548a519919ae8	5d023549c9a11dbf4ff091dac723c324bdf07aa1d27693c64e9dd490a2a83cf9	7372c155e026aa3cf32e026c6c27f9bfa20359f9ce544ae4c8957d9ea52e5547	3567	2341	14	passed	passed	passed	passed
pairwise	pair-108	7640891576956012917	call	0	error	0	-	2ef6dbbe7a82962a61c8342e1008bfc058965bcc66ad8b58b3e288072f23f86a	d9e5d0d5c8e1e28b1eee75f7cf7e426a4ed1a26ebfa74c4e002f176ae331cfd0	95752c7254707aba5236cb5e4e614a500f8f24812ca9dd477c68a8e5cb964520	be202d2eb58ea54bc6926ac0412f7bce139aaaac0c1b04aef9fcd3d84f7d4621	----------------------------------------------------------------	----------------------------------------------------------------	3532	2231	14	passed	passed	not-selected	not-selected
pairwise	pair-109	7640891576956012918	call	1	error	0	-	fc9edf32ab92353f4bfef09c084d4b560269322109f5ee7f0a06fcf25681b334	7b90138717b1ff72f3cc9393e09d47339dd4f32e6d50972a5b12df43b289f35c	c0e848c55eee12af5c393971b4cfa5b503154ade3c8db5605c596dec6b2e8c31	58f3e16916f364cdcee8977071b1137b9e301273f0e1552b4cc7559374928878	----------------------------------------------------------------	----------------------------------------------------------------	3470	2231	14	passed	passed	not-selected	not-selected
pairwise	pair-110	7640891576956012919	call	0	error	1	-	63f417f2df06d23deaa4ec66d2acbc4792e3fbe7ddfd32329242578fd5f65768	e0de90d9557d747b646038241f2bebf7eb23f18614537425fd3e433fa229b146	a101a02d4c07ba5eb637c57f2ade4c9074f5e6d7fb5cd0ae34075b9f96b19ac2	0ea2ca9a490be2d12f7b29f5c13c21846a86538b82c149a98e301a4df5f91d8a	----------------------------------------------------------------	----------------------------------------------------------------	3533	2231	14	passed	passed	not-selected	not-selected
pairwise	pair-111	7640891576956012920	call	1	error	1	-	3f8ca2bd4f7e7fdd6d5d923be281fbb13fb13057eb6005f79e4b02965ff032fa	17e5adc94c3b53bab826d90274ef9e7509159996a0701d1d1584940a3ba011e1	3a9a8a9b64aaa40c4f14a1a9919abf7f2626fa7f9c79c09b6749f926a5fba0c1	cc2b36e9c2800e466d3e726081ca42b7b347274ad4a993780d108f2efa2a9221	a3129122324333a95f0ff165241bde1456e3112d5c5b0d0111a72f6c58b40375	a72d331adcb7f3022a1c9f345e45dd7ebad2577e748c428ba6e0388901d2bb21	3471	2231	14	passed	passed	passed	passed
pairwise	pair-112	7640891576956012921	call	0	package	0	-	96c1c6e437a978eb5f321279e19e6f52fdd73aef4861144cfb56df2f5a9dbe05	7659d0a44511bcbb3d88cdbcbd8afbf8330cd806d5048fc155d05547d92cba53	1ddbed6391755de8d14d02a87ead37b6b2cd1754a233182eeb9a8f523d0afab5	ff02d32e45ad7932dfdba10cd2cf4bdf3d8cae313898cf066f498cd5ff608931	----------------------------------------------------------------	----------------------------------------------------------------	3532	2231	14	passed	passed	not-selected	not-selected
pairwise	pair-113	7640891576956012922	call	1	package	0	-	4e6515dedb55f043608e3c32210c9f9945bc40693e164026ffedd69d30f56f0f	1adadbd40ed28e0288d25756ebc7974dab9e1884bb7923706f9402f4730219fc	94de29ff735a55290ce04c9d10f23581a0938a979394259fe2fd2febb6e09678	017735be400305db08a2fabaf33a39b25fffdf26b46dcfb4a7fa5636d3523c52	----------------------------------------------------------------	----------------------------------------------------------------	3470	2231	14	passed	passed	not-selected	not-selected
pairwise	pair-114	7640891576956012923	call	0	package	1	-	eda350c28ab4b9dca830db8a1c6dea0340536189167de4941e42983ae0091f51	b04bdd58d1952e7f4dd5a0db65e629d8ea027f4a833a26d1451a668bccee35d9	93e86c29786acaadb72651fc8de22f408c20dcb75399fa65afb0fb7107083b81	873cc44b78326b6e44054866042e0768e282870f54d0d9c5538cbc93811df1ab	----------------------------------------------------------------	----------------------------------------------------------------	3535	2234	14	passed	passed	not-selected	not-selected
pairwise	pair-115	7640891576956012924	call	1	package	1	-	51327399a7f6ccc33791264ba9f19c7dbfde3693c955835a8ed1fe12ef98bfec	ec15482956277e8a231045f047c9badf863b272d8693365b9dc0f46ec3d26ab0	a775128e7fa380b926c3018037e71c7b3e7e4919375e1b494a8b9b4eade0cdd3	1075c78ea42643326078a99cd484f60ab9b934f998f741a13d5db59b4d7937d9	7924465b8a8e0ba3ddaaec4da31bc373a870f10be95131325909778530742800	b2a8c55822de20c498c510ea62197d20d793fdbd3137f35676669ead284fe814	3476	2234	14	passed	passed	passed	passed
pairwise	pair-116	7640891576956012925	call	0	target	0	-	35393b9c88263aaf1f58aaa889ba8d40f8a1edbcc3f06371fd1f8ce5d04b7b9a	ce21d446e0733059550b7abd31088adc5e1178937ddd649193db70d1ca6f0606	d9dd34948604c6883ff71981405275d0f5355a30d4891dcc70f30f4576f41446	95258d4b1cee6aa57ee0d59b052701f6661da1cbfe70c9f789cb38abf90ee40b	----------------------------------------------------------------	----------------------------------------------------------------	3532	2231	14	passed	passed	not-selected	not-selected
pairwise	pair-117	7640891576956012926	call	1	target	0	-	107236e1ca68e73cedc671632d475b4f31fb1188b8de4f38ed5eb797e2553120	f136b944374cd50b74f2bfe4b0144cfbc7b54e06985a59c0c93647df370990b4	b331f840a0cc1d4eb46b880f3f2d804d124b9c0994328a8a761e236299d9de2e	e57bff8d5216bfd0f195dccddb5b4cd639a0f6b117f8bb1d90f5d36a61a9841b	----------------------------------------------------------------	----------------------------------------------------------------	3470	2231	14	passed	passed	not-selected	not-selected
pairwise	pair-118	7640891576956012927	call	0	target	1	-	525a6525230b88c379e8a6117929381eb639d6ad345d889e9cb8fc5042867e60	052c41ab1a07016e90355cb37383e15a351fd35efba7f26da5863f357bc41501	87c20dc8ab3bf5350ac9af3a4e4bd28865bc430b1aee170b457767069afa5865	35bd46a10d6588a2d6b012763191ac5cd8b0f44e0bfff3fd97048bc8490689be	----------------------------------------------------------------	----------------------------------------------------------------	4191	2686	14	passed	passed	not-selected	not-selected
pairwise	pair-119	7640891576956012928	call	1	target	1	-	85d83ff15e83a9bdb674a051726ef0d02d59d4e491196dcf578a9da48f0667ee	5c19b741c07fcdab32beb498db4d040c26d5c374da08ffaf2dde4bc0f409c83a	99e6aa93df0882ac13795a454699053c16cd6a07503f9f950ac6e87d66b623e0	115167330c6bea51b4b8c196bcdc32bb9b460df1b3e672a68b29a8e2865b370f	a45c2802f834de4a686614bc853726ccec22ed267bbf624f78b9acb6058c3a4e	ba9de6a73127ae03e9dd311196710393e566f3f812ac639392055ad4c397b8cf	4129	2695	14	passed	passed	passed	passed
pairwise	pair-120	7640891576956012929	loop	0	error	0	-	ab6a0d20aaed747d76d369c551905f7c070689871d14f58064df1e4285cda019	81274a7770a1a6c6f2b86c81f4a3b538a4a0ea7dffac7e32dc8e1aeb872ebbd4	daad5b6788f1d833f53c6b39c75298fc9b3506f5ee96716fca7caaf022218bb0	07b76bed57262539d9a858aaa839c10d34ad4d571d8599a8b14dfe84787d1430	----------------------------------------------------------------	----------------------------------------------------------------	3531	2229	14	passed	passed	not-selected	not-selected
pairwise	pair-121	7640891576956012930	loop	1	error	0	-	f6549e50671b3883a3f901ef5e5fbad2e90363f8e80e93f1a4560b3c1cf280a6	6912cdadc118bd395277336133a9cbcfc1684a3fe8038988496dd993490ccd69	e943ff580873890307a199cf19b6afa7ef9698e91c1c27fff0f80ab447ac099e	870e28a6afc6643ade98ddbe5b86d2d2d15dca10e269c8b7dbe94610e11262eb	----------------------------------------------------------------	----------------------------------------------------------------	3629	2340	14	passed	passed	not-selected	not-selected
pairwise	pair-122	7640891576956012931	loop	0	error	1	-	020f33eefc71a5a2b32b8135d0106a11de059fbeee48aae60371c53b743c6a69	cd6788cf5c243e862ffefcebb0b0f13e8a282eafe93604f6e744afbd5330d7e3	96f3a15ec1eb285f300e6447a97583d20ba2ec8100d8a355843c034f80567b44	2c36f8cccf27e6cab11c02e4483b2ea6bc00185f0f846efb44e698a08b588dbc	----------------------------------------------------------------	----------------------------------------------------------------	3532	2230	14	passed	passed	not-selected	not-selected
pairwise	pair-123	7640891576956012932	loop	1	error	1	-	2d7c11219a131994d800825c3c885ece956e092b452e5631381f903f1c7e44ad	cb7364a66344c762d2031e050b4a3ef28270119067dc19f65b9d404865d15346	835b4c48479903c8dbdd6801a841405f4f797183e3513a774bcdc3feef903a83	82293dd353fd7ded910fb62f2177fc5b415ed69f39a03e3b85d7d5f000cc09ab	b5e69c0e28751e72400e98d46ac70006c993d318bca98e021a2ec5f90496264e	1042e2f02426cd74f1f46c4aed3aedcf103c21e2fba9a4990d65f81550372c19	3630	2341	14	passed	passed	passed	passed
pairwise	pair-124	7640891576956012933	loop	0	package	0	-	4634b9ab4366bca861581b06ca4d6d46e0cc8d568e4ce1cb37fdb9789281978e	d21da4118c334f7f461960c7a2fad182bd161eb5ad864285f88e52e5d25b6146	08582c2286032fc61a207ae8965d7b57dbfa6d5d1b65ce4953b4d07265bafcae	a5cc3ecde9e13fc6d78db60375deaa233b91b6280f4c628bf51548a519919ae8	----------------------------------------------------------------	----------------------------------------------------------------	3531	2230	14	passed	passed	not-selected	not-selected
pairwise	pair-125	7640891576956012934	loop	1	package	0	-	52debb718139b781769af8a68872f1bbfc732cd3ae331d3c0ba23ccc11f153a6	72c100b4af27497ba57f39f8eb6e953383b9227c57db7abedaf3ed0a4ed145ea	e4c033f3b9eab993c077d6b716699f031917b7e55c41b81d94b98801cb9a5263	be202d2eb58ea54bc6926ac0412f7bce139aaaac0c1b04aef9fcd3d84f7d4621	----------------------------------------------------------------	----------------------------------------------------------------	3630	2342	14	passed	passed	not-selected	not-selected
pairwise	pair-126	7640891576956012935	loop	0	package	1	-	d27ef26b74a9da44f213b9c40c9599d79e7f62d041cdb4ba15081b096d0dfd9d	3b92c808619e449a3edcc3457274b8d79b4f197175565dbfc322f028a68d45b6	9b4c4803e6f18077260596d48deeb9171297050626e3536179c59e6ddd2d0584	58f3e16916f364cdcee8977071b1137b9e301273f0e1552b4cc7559374928878	----------------------------------------------------------------	----------------------------------------------------------------	3535	2234	14	passed	passed	not-selected	not-selected
pairwise	pair-127	7640891576956012936	loop	1	package	1	-	696db801900701d8a9e97dd5aef15e654eb20389a2e924e8cb6decc1bfcece00	9a6ac4c4ab2b6b9eb86756fe0a386273cf2760c7c1d44259cd56a0ebe65ea4e8	340b1381b6864a629c3e3ca81a734018ad82aa7257ac06e8fc43345aede69cc2	0ea2ca9a490be2d12f7b29f5c13c21846a86538b82c149a98e301a4df5f91d8a	932af09397142bd24662a2b05a5ef7e887f78f749536727196a9d1d9d858ba29	dc0c10469d699ac4dcd38e0033ed01c522c30180f1e7a116460f468ba3ce7add	3633	2345	14	passed	passed	passed	passed
pairwise	pair-128	7640891576956012937	loop	0	target	0	-	354b7a8bbdf5c2f71ff664e414f3fa71dff6c6c8b7a572c000c7c2997b42bced	694e992f1128b476cfeb5fc4832843a8a70e5a78622b06b80496d375868de777	ba7f5904baa281b81719f0d52b3dc901ca65703a6a88a6095e22ca9488e64cd2	cc2b36e9c2800e466d3e726081ca42b7b347274ad4a993780d108f2efa2a9221	----------------------------------------------------------------	----------------------------------------------------------------	3532	2231	14	passed	passed	not-selected	not-selected
pairwise	pair-129	7640891576956012938	loop	1	target	0	-	a58888b98e5ed88df6b6ed89401fd85994a6f04ce89033a7b420d2d379e9161e	001eca9a510f9dcd81afd06c1bf5f33cc30c2f65f87ea8d5f602e366b8376c35	b4110850ddeee7279a5606269d83795890458ccd1bbed71f27380c0237d0264d	ff02d32e45ad7932dfdba10cd2cf4bdf3d8cae313898cf066f498cd5ff608931	----------------------------------------------------------------	----------------------------------------------------------------	3630	2342	14	passed	passed	not-selected	not-selected
pairwise	pair-130	7640891576956012939	loop	0	target	1	-	b4c32d28885ba0fa3bacdd024f7d9fa0ec2090579524621c550951f95dcbfcf9	5f99ca845ead3f4b37050fc7e8f0a7650db0a169f61ec520cf5fbcebedaa747d	242d99cef759dcde88a80765694b02facd05418b9da713731cb87c6a7f10f313	b1f3f6ad976952728989495e3c3d9a6fa0acb2b28fa6734fb0761beadca3695c	----------------------------------------------------------------	----------------------------------------------------------------	4192	2689	14	passed	passed	not-selected	not-selected
pairwise	pair-131	7640891576956012940	loop	1	target	1	-	af16c4cb0a9de9841906a24fe0e6f24cf1585ee215ed0889e60ded69283ef42e	8360dcbae65af1764c7e1593e1da22d80d32a4d96a0b25abecd207498fca14d2	0fe1d39b59ab1a5879ec51414ae9fee6f4b387fcc85368247158991f093e62d4	ea07f7765dc554f020ade16c215d9e049b56fe93e60ebfb9acef3c44a0c5abfc	f1b82499eb0d4c4bb6abe01fb49d975475151d8d94162264e9411bbeb3c86c41	73bc8f075c17c2ac1fa837dfea54603b242a17dcf5d5fb8e24370d48f55edc92	4290	2800	14	passed	passed	passed	passed
pairwise	pair-132	7640891576956012941	error	0	package	0	-	908e3131934aab2f7cdd4a3f6e47d99a29ac026ecc6d1390097e019afc307877	c86336ab62abb6606ab2959de390f24d4b003fdee92d3cd43bae8325b7c4710d	f48b890f2afa8bb858fa9e0eebbe437a3e0a78f65658694144c230854cdacb56	1075c78ea42643326078a99cd484f60ab9b934f998f741a13d5db59b4d7937d9	----------------------------------------------------------------	----------------------------------------------------------------	3532	2231	14	passed	passed	not-selected	not-selected
pairwise	pair-133	7640891576956012942	error	1	package	0	-	07d056be947ee23ba1e2532d7ad0d5702526abc686e117c2cfcfb6321e2e392b	d47a2f15e4674ce5279f20d04014ee85b09a4609be5018c3b9e5a8112af42444	4b8884aff08a6b2a2c19c22a33e8636a5621dff65f71a8e79f7d1c44575d6f89	95258d4b1cee6aa57ee0d59b052701f6661da1cbfe70c9f789cb38abf90ee40b	----------------------------------------------------------------	----------------------------------------------------------------	3533	2231	14	passed	passed	not-selected	not-selected
pairwise	pair-134	7640891576956012943	error	0	package	1	-	e76e60dc0c22cc02a115104b52f86b16d9b39246e16054c64091cf12d02982d6	ffb3eebc7962fa516faa5f6378355d9cf55807aa088d236a84aba35079fb460c	ee5109b031784abbcddd287d7716949cf622c603950a118b3148919a8a2e0c1d	e57bff8d5216bfd0f195dccddb5b4cd639a0f6b117f8bb1d90f5d36a61a9841b	----------------------------------------------------------------	----------------------------------------------------------------	3535	2234	14	passed	passed	not-selected	not-selected
pairwise	pair-135	7640891576956012944	error	1	package	1	-	97dee67b55ab9c6571cf81b10790cbda6105c69d0aed4bcb0a7aa6c78d00340e	cba87b3fabe34d77634e2f2c733c45fd8da98a893149ca77492ebe338d9c5074	e67d2fcf2684fd119afd995c7f9cfeb2c6c26a130ac102851b33ab2340140561	8e95520728f414d8cd66538aa15d29d76f34633afcdb0132e6bbad4b044a5035	f1e125c75eacfdf0e8500c83678d158aa8bb422a204e28eea7bd058d116aa434	cf199ba1c202928cd0482207bb3eb9dd6a161878f357147cee708fca12f893ad	3535	2231	14	passed	passed	passed	passed
pairwise	pair-136	7640891576956012945	error	0	target	0	-	55592b8d4f009d022138692165086c74d72608eaf16dfc90623af73f09909b60	60ecc42ead09e90f882c95735c8a008d282c74ac70067c476f0800d58ee67217	ebae4e17cd68cb82c51553783f5d4d1c6e0a16b18842134e4bb5291e46915c8b	32f2993863711565518801dc31542a799294204668382403a843a67958cd2487	----------------------------------------------------------------	----------------------------------------------------------------	3531	2229	14	passed	passed	not-selected	not-selected
pairwise	pair-137	7640891576956012946	error	1	target	0	-	2c65da1046764ea8175b4c62446fe72ee028ba5a6bddc90b2e5ea247fc671662	f4f1cde56f4da612719805a4ae1ac6660678eba84f9cbd9bf0bdcb8d0438600f	dfe031b2fb13a8ea897afc16b0755a2a39f7d3ec1da0d0f6e5c7a821545a95dc	07b76bed57262539d9a858aaa839c10d34ad4d571d8599a8b14dfe84787d1430	----------------------------------------------------------------	----------------------------------------------------------------	3532	2229	14	passed	passed	not-selected	not-selected
pairwise	pair-138	7640891576956012947	error	0	target	1	-	c5fb8a56fc7bc78da55f113187b7210df3dc54ae9ffb985717833e309ec7918d	c3db9ec26b7805f9eb7fc983f508a484c5034d1b6862e6c7b31399219a7c707a	8954e765b908c93b1f32835175ca63298f5b7c6473d577a73ab9eb29528e39b1	ccca495d06be35a9f92af9106484ebd5acb2968f197d3ab5ff138dfa63b1ff5b	----------------------------------------------------------------	----------------------------------------------------------------	4191	2687	14	passed	passed	not-selected	not-selected
pairwise	pair-139	7640891576956012948	error	1	target	1	-	01e824380898f77cb4404596b7d0677985de4a85c3ea5f063955da959055be9f	753b0c24b18e1b31bb2405e27f3e8ac528f73706e78efc804f8af03bbbaa6bc5	dcc83ecfb0e419fa004a86a24c4b0c58dfc5b573c79c06be70410174348e1a3f	a0276673e590a9510393fc7fa3c4791d7a4cf11933b9778a566126fc97db7e03	ec31bc578075fbbc8fb08a7a6057396361030090c5512f3bddf4aa7a778079dd	d8c55d72d1f88ba99e9840aebb7110672445e79e8b5d258d5e3bfd600427ad2d	4192	2690	14	passed	passed	passed	passed
pairwise	pair-140	7640891576956012949	package	0	target	0	-	ca0a7f1def9b176eacbbf3cb30ad8f5067d4caa78374e7e7b6c0369963577905	7f53c970cb1991b37b3e20bf4973d232f618b4bb9df40d9bdce68d5f1d32c0bc	3e3d97be01c52d6d82962f5e17e6ab60edd0196241105ca23dcd7717186edf76	82293dd353fd7ded910fb62f2177fc5b415ed69f39a03e3b85d7d5f000cc09ab	----------------------------------------------------------------	----------------------------------------------------------------	3531	2230	14	passed	passed	not-selected	not-selected
pairwise	pair-141	7640891576956012950	package	1	target	0	-	7781a520031ff7f6d02d93e461b544698198e16c4e9ac94e510339c71e014b87	4ef88b58cd31787ea5fe6196bc947b4dbb7bae74994ca4acec45f0aa7dcc3faf	ed4c58bdb2cb90a7734a7aaefafff253fe68e3733c9b144f2bd8f0ba8f638709	a5cc3ecde9e13fc6d78db60375deaa233b91b6280f4c628bf51548a519919ae8	----------------------------------------------------------------	----------------------------------------------------------------	3534	2233	14	passed	passed	not-selected	not-selected
pairwise	pair-142	7640891576956012951	package	0	target	1	-	8a5acc347797f8e4f317ae8edf5a2874a2e64129bdf92fd8a3028c62a83b0aec	7221c08b2bab765e6e100c4965ce40f9ed4db0e8ea7a2e75d3721551fccba3d2	b224d0bd84ca7a45223a8754a0fae9d216ebe115372fdfa6a7f21f58961cec1e	c94dc508f9567b110f3939865af679153ba0f6f7d5af9f929cc9745612d85dd1	----------------------------------------------------------------	----------------------------------------------------------------	4192	2689	14	passed	passed	not-selected	not-selected
pairwise	pair-143	7640891576956012952	package	1	target	1	-	68b819b3a96564e7cd1ac6704427f8332c8e8b263475041f0575f3c6204fcb3a	d3cb284b097670d731f604bfdc388ee31f1657ce74e0449ed9f1031145163d85	d61b99752790d939b630e8018bfb8df807f608db88e92923bfc4a848f121416c	875d94e3fd6beca0ed8fd30fde43894a337eebb01619eeb554b783b093f9a5f5	472d1c9797b291d75adcfdc110d8133a7de0fd8e77380360710f47b44fcf7541	79ff3618084f3a0d15cd98da7233086e44552d9b64a794bbd9e591a728e8ecb9	4195	2692	14	passed	passed	passed	passed
triplet	risk-0	13503953896175478587	risk	1	-	0	alias+call+loop	5e1d30c52272f0858bca39e282956cbb7edfe1989db6581d87695d212a384b9f	5f06365af8aa55cb4139ecb89fd11400edffee7284004823248d8ae2a1fd814e	7da9b5013a7b26393a668a235035a126b403db7614158df4a7c3c7154f1978ef	8e95520728f414d8cd66538aa15d29d76f34633afcdb0132e6bbad4b044a5035	d0ff56805d2424ca464c3b2ce1f6abce24d0ec0d179c4acff3a1754b0fad937c	6da108d832f08a474edf477b822a55f653bab6aa09b557afb3c22a8da477d4f6	3295	2950	14	passed	passed	passed	passed
triplet	risk-1	13503953896175478588	risk	1	-	0	aggregate+branch+return	fe9629651231255b52fe150d0190d9b60a76535a498e9fccecaee259f3402c16	b9b8423fc9b0ed2ef0bb3fc1f2b76455030f0da002f933656428350108fd9f71	feab690fd089f365e4d1741ac1c543333de6db3141391155745afbabd7423592	32f2993863711565518801dc31542a799294204668382403a843a67958cd2487	61af7b9e37f694c33980ead8795071d42fcd0179fdd3eb2cfaec520c4b1ee32e	127bb5ba1e99357e13b1f086241d706f25248e14edf5dd294a5c6049957fe1e6	3906	2296	14	passed	passed	passed	passed
triplet	risk-2	13503953896175478589	risk	1	-	0	collection+bounds+ownership	02e61a7aa9e94c96a9ad90ca7e8fb1cac636c3368ad757ff7334ba0158f1af03	63acc0c06c06c12eb8d9df353b4e346e34b66d4724db89b76ac2471350180575	c8dff09e3c4f3728ce5346ed4f4047a4d35b5e3fa3f5147c63def4469ad12d90	07b76bed57262539d9a858aaa839c10d34ad4d571d8599a8b14dfe84787d1430	0ccc317c82a77b1a4ba3a9aeb454f6f55602dd7f7efa9d4aacd2fff24036c3e1	ddfcef8fe6287b9a6a996af155e5ef4ff1ba6a95b44d18cbaf35e614fb4ee939	3532	2229	14	passed	passed	passed	passed
triplet	risk-3	13503953896175478590	risk	1	-	0	float+simd+spill	92b22ba219b85d7f4f7d1783b5ac80457839a1127b04d3fa5bb6a2f73228b85c	aa160c0382d08e221a4b070a965ce5577b90b955ebcb701f4460161f30c1378c	78066344b0a4a6e3d5e2f7a76e562a049143c1c2a4d1ed4935f1e4e3a93f9dca	ccca495d06be35a9f92af9106484ebd5acb2968f197d3ab5ff138dfa63b1ff5b	b74878430a8423e79abe9485ef6c01da876f62dfa25dce469c812609309d9344	72c519b2650528e57ec7a18a138c73d5dc544d1b337affb051cc3843fde79fab	4191	2687	14	passed	passed	passed	passed
triplet	risk-4	13503953896175478591	risk	1	-	0	package+runtime+target	ebe3999e52c8ce7f66b70281bca05fc39220e4fd2db7d479622a87c33c8e8536	c3731f27c26f053ae586b74f6ad16338d77f925d035f2f00a39e16fea825c427	1929cfcfead8e683944433b9debc4332f5eeeab9e801c34f8d274df8107c122c	a0276673e590a9510393fc7fa3c4791d7a4cf11933b9778a566126fc97db7e03	b649a863fc8bdb739ec461f16d05cd6805e7ce2bb7216615a2473a3d97a9af8a	c9af005937876b20ec4667e078a43cf0df7ab2594a92cfd2a37061b48ab452c5	4194	2691	14	passed	passed	passed	passed
negative	unknown-name	0	invalid	1	-	0	-	b2325dda2d75e0ed06e766e635f159cbf49b52a0787d0cb5430a00bd002f348e	----------------------------------------------------------------	----------------------------------------------------------------	83cab9d4b2330e3470a6d1ef5db1463fcdefcd529d6df5dc750324a047615240	----------------------------------------------------------------	----------------------------------------------------------------	0	0	0	passed	passed	not-selected	not-selected
negative	type-mismatch	0	invalid	1	-	0	-	59f85da7da03b1e0f397bdf48ca71c7eafa35431cfa7642cf61fa019be263295	----------------------------------------------------------------	----------------------------------------------------------------	98da231a24a8368fbf22ef28a671a6e9a5e83d388c038bc7c025d5500e980fff	----------------------------------------------------------------	----------------------------------------------------------------	0	0	0	passed	passed	not-selected	not-selected
negative	invalid-loop	0	invalid	1	-	0	-	2d41937d8dd1e2b4ae8ed8f4ca1ebea787f5d3190a1965a64bbcb3a55e711ecb	----------------------------------------------------------------	----------------------------------------------------------------	1ffa01159e4f83df64cc18b504a9d8d3ad2a2330435596aab5aa880534421ac7	----------------------------------------------------------------	----------------------------------------------------------------	0	0	0	passed	passed	not-selected	not-selected
negative	immutable-mutation	0	invalid	1	-	0	-	67ff08357e7c4b8e609edfdbbfcd29273cbe6e0301793607ca18b3a88fbf6bc1	----------------------------------------------------------------	----------------------------------------------------------------	fd3b26b73364382a5291822adcc5b3258181b61e9b7a2ba00175b801655155f7	----------------------------------------------------------------	----------------------------------------------------------------	0	0	0	passed	passed	not-selected	not-selected
