case	source_sha256	semantic	llvm_raw	llvm_release	timed	raw_unmodeled_tags	release_unmodeled_tags
Regressions/KnownViewElements.sx	b3a3370e7deab8cfab6db6842534de06b8057b5d8152c88f0a710c14f1f50a57	matched	emitted	emitted	false		
DampedIntegration.sx	d166c87c03bf64fae032eefa01fe632d862194a28f979d9f6a6c3d1e87d6232f	matched	emitted	emitted	false		
PreparationMasses.sx	d13d7337e96195a7dc6c19150d3ac86e5b7125bc364edb3e9e295f03e1915cb9	matched	emitted	emitted	false		
AggregateViewAliasing.sx	af41e6aff004ebd6f850aa5a743e1687a0673234f420c1e36505bd87576b600d	matched	emitted	emitted	false		
IntegerArithmetic.sx	d62dc342f127441a60411f44488ecd5956e42af81ec1dc8172a1b9b88913a6b6	matched	emitted	emitted	true		
BranchingLoop.sx	b56d21fb35c68adf6654ab361b6b3861234d766621c88b96b80c0e67b66c86e4	matched	emitted	emitted	true		
FloatArithmetic.sx	2bbb1fb4a325d762e460873d768370778183ae158523ba8ea2513eac9b93447b	matched	emitted	emitted	true		
IntegerControlFlow.sx	ffaed22a0c7fd5916aaba4c45490f247773664958c1d7e7b51fe7c830026674f	matched	emitted	emitted	false		
IntegerWidths.sx	49039eb15a6ae6a3274d732f47747701aa190fed1963d71694cda9faedf06460	matched	emitted	emitted	false		
UnsignedBitwise.sx	2e53a5f44f6b3c4322752e42e276a8264ea678eefe6debb5dad189ba64c7026d	matched	emitted	emitted	false		
AggregateScalarization.sx	7192155af1430895d92f77d6a12798c15daa584b02818143d197e1bb5b6610ca	matched	emitted	emitted	false		
ReferenceAliasing.sx	e41ad6dabb7df47b58cfa02d61beaaff3397b846cf636f233071766cb0c7425b	matched	emitted	emitted	false		
ReferenceDeadStores.sx	b30dd7a0a743d309ae22eb6a0b3c8d7cc36738fc4d1f2dba70f9bd99a65259e0	matched	emitted	emitted	false		
ReadonlyViewMemory.sx	5f53fa189ed71a76a782b0852c4705011bf0610a51d6cb0c11163039e529337b	matched	emitted	emitted	false		
MutableViewMemory.sx	a104d1a8dcb396094f6803eca0d27ce1295fef8c7ad83bfe42d5c823da256fc2	matched	emitted	emitted	false		
NestedAggregateWidths.sx	d04a7e1a5b94059e9e2a0845425396141baa8c5008d6ed79d7bd8ba33987c1d8	matched	emitted	emitted	false		
OwningCollectionCopy.sx	54a11356762ee049aa4b7b215a349660ca6759044e7ba5fc3f878b18a0b08e78	matched	emitted	emitted	false		
Regressions/LoopExitFloatLaneXY.sx	1f3ef2fef443466735275f170d4a5ad74cd81673aefadc79c9b11ab1abb64e96	matched	emitted	emitted	false		
Regressions/FloatLaneXYZ.sx	69ef67d21515c3c395ee6ff57b78004a080ad853f4d47f2b4e151e990bc0ff46	matched	emitted	emitted	false		
Regressions/LoopExitFloatLaneXYZW.sx	ea5ef55ad1367f5b344f940ca6c083e2b182ab16e53025476428aed5f2d86dd7	matched	emitted	emitted	false		
Regressions/PureMathReferenceInlining.sx	b548a7282797916d5bf324fe4e4cc58614de0bf34da9b524a5cab2094b9d8b93	matched	emitted	emitted	false		
Regressions/HotReferenceLeafClosure.sx	a3202cf65f97b90a1f257345a2e4b26655c24c9fa213f4738c55462b2fc29cbe	matched	emitted	emitted	false		
Regressions/AggregateFieldStores.sx	b70552d20701048af3061b4206e787ff8423907f14fc7ab5f35f450d86797956	matched	UnsupportedInstruction	UnsupportedInstruction	false	constant_str,assert	constant_str,assert
Regressions/CheckedMemoryLanes.sx	bc1c7a673ec063ea6de878c29076d1b1f563a0e8df7728ae842e5ce15207c75e	matched	UnsupportedInstruction	UnsupportedInstruction	false	constant_str,assert	constant_str,assert
Regressions/AggregateControlFlow.sx	2271cdc65262d7d236aa60f160862a0ad645cc7320f3db03b5cc51447a60900a	matched	UnsupportedInstruction	UnsupportedInstruction	false	constant_str,assert	constant_str,assert
Regressions/FloatSsaDiamond.sx	1839220cb0981c3ab2bad5de2e4bbee1cd619d2e15ade780e5f8031d7480bb2f	matched	UnsupportedInstruction	UnsupportedInstruction	false	constant_str,assert	constant_str,assert
Regressions/FloatSsaLoop.sx	5d127ac4f3015135c7b8357d44a50dbf5ecb0bdc12ae84cf73577ea22313c7fd	matched	UnsupportedInstruction	UnsupportedInstruction	false	constant_str,assert	constant_str,assert
Regressions/BooleanSharedChain.sx	25a2d30aab997c9b6b737b6b068400b1887572f8be21484fbe883903d74c10d5	matched	emitted	emitted	false		
Regressions/SsaValueFacts.sx	16405ea4baba74c391cb6766125c9913d08d99a366d4219803690f42f7b49c5e	matched	UnsupportedInstruction	UnsupportedInstruction	false	constant_str,assert	constant_str,assert
Regressions/SsaCriticalEdge.sx	96861262830b6efd0a380b79a84b0494d5a65875b89ea78a71b298420c467e4c	matched	UnsupportedInstruction	UnsupportedInstruction	false	constant_str,assert	constant_str,assert
Regressions/SsaForwardedPhiLoop.sx	fae2c02af60ebaf5c6f4ce0ffea49823d17a11772ce4c4e96ebcbf6648e77163	matched	UnsupportedInstruction	UnsupportedInstruction	false	constant_str,assert	constant_str,assert
Regressions/SsaDistinctPhiLoop.sx	a9f1642f79a0d5662673d9a9ed398ea38be93535ad5f3b99629d50664b18b22e	matched	UnsupportedInstruction	UnsupportedInstruction	false	constant_str,assert	constant_str,assert
Regressions/IntegerConversionConstants.sx	3d147032e75bf2c985e12ca8c151f1b6ac31de19acd38601b58e07ee1d09da7b	matched	emitted	emitted	false		
Regressions/IntegerShiftConstants.sx	377b540ebbb4ed39d6f8fa8899d8fa97adaf4c520fe09f250033d3485f584060	matched	emitted	emitted	false		
Regressions/IntegerRangeChecks.sx	fe05436986c2a46681c50678730e0be47fb72d35866768bcda2fcfaedfc4e36c	matched	UnsupportedInstruction	UnsupportedInstruction	false	constant_str,assert	constant_str,assert
Regressions/ConstantDivision.sx	ace9a3a3936067a930fec327877ae5615969092001109bb3876b8f87b4fdfebe	matched	UnsupportedInstruction	UnsupportedInstruction	false	constant_str,function_reference,indirect_call,assert	constant_str,function_reference,indirect_call,assert
Regressions/X64RegionalBarriers.sx	d9739868b5ee98dfacaf6bd26b3555b869207039db536bfab1d6838946bf2a5d	matched	emitted	emitted	false		
Regressions/X64IndirectAggregate.sx	74148378ff7aab9a478ef2b62e80a7456c28dadb1638a6d7fb321d46f5454cfc	matched	UnsupportedInstruction	UnsupportedInstruction	false	function_reference,indirect_call	function_reference,indirect_call
Regressions/ArrayStorageAccess.sx	bb352a433f74acb0b0717d9ea69aec3ca1fb67d50092f8b96787d86bade63acd	matched	UnsupportedInstruction	UnsupportedInstruction	false	constant_str,list_edit	constant_str,list_edit
Regressions/BoundedCollectionLoop.sx	213ebdf538cb11ddf09222fe18977419a351250f93e3fae29479f158380cd16e	matched	emitted	emitted	false		
Regressions/SequentialBoundedLoops.sx	a166787cf8dabff98638f3aae1dddf87ac871e3c5cfbe772927df752f643a549	matched	UnsupportedInstruction	UnsupportedInstruction	false	constant_str,assert	constant_str,assert
Regressions/DenseScalarLoop.sx	9ca6399d69354f502caaa7727bb5f378ae602344c690fe7984a822929f7fc493	matched	UnsupportedType	UnsupportedType	false	class_retain,class_drop,field_store,list_edit	class_retain,class_drop,field_store,list_edit
Regressions/TextOutputIntegrity.sx	eb11ded918d6fcdd2f30abd8743d5b06720557ae815b87dfd7e13ea2a41e902d	matched	UnsupportedInstruction	UnsupportedInstruction	false	constant_str,string_retain,string_drop	constant_str,string_retain,string_drop
Regressions/BoidsKernel.sx	edb8ffccb76680c56b64063fe4ee5acc153da3ba774ac9aa6e34a2dae3f458a4	matched	UnsupportedInstruction	UnsupportedInstruction	false	list_edit	list_edit
Regressions/Boids2DSteering.sx	375b140080bb4672b67c811f8f6c7adde144ddfc2c1f29de42fd6ae91b766744	matched	emitted	emitted	false		
Regressions/ReversedFloatRecurrence.sx	f570b85d28f8f87928fe15747edcdfff5a16640518960c1e70ea2a446637ce14	matched	UnsupportedType	UnsupportedType	false		
Regressions/CollectionCursor.sx	8ee9af5d9341cfa168d1f9af989494610bae5bd52f115045e9c197648e353258	matched	UnsupportedType	UnsupportedType	false		
Regressions/ReferenceCursorReuse.sx	f220fab8a37b0486cfe7c13311952e0504a912a4ce51388e36a9d4dec791a0e8	matched	UnsupportedInstruction	UnsupportedInstruction	false	constant_str,assert	constant_str,assert
Regressions/MultipleReferenceCursors.sx	4d10954043c909c83a50c05107b2f53fe923aa91bc2a690d57e02359c07018b9	matched	UnsupportedInstruction	UnsupportedInstruction	false	constant_str,assert	constant_str,assert
Regressions/AggregateParameterResidence.sx	726fd9f40c714a302a171d388dd319943968812b4a4e3b714709d3de6cdb342d	matched	UnsupportedInstruction	UnsupportedInstruction	false	constant_str,assert	constant_str,assert
Regressions/LoopForms.sx	fed5147a38ee451a33473eba4b0a898a38be14c7e1f8fd4501eb1e0c446a0446	matched	UnsupportedType	UnsupportedType	false		
Regressions/CallEffectsInlining.sx	4f834763665e45fa10b49d554170b5c6f48b28d8a76721e7ad8e33c874c8dd0f	matched	emitted	emitted	false		
Regressions/BranchingReferenceInlining.sx	4b3a55aa3543c8fcda1e25787d7a63a3a287670aba77636a9bcaf1d9e75ab75c	matched	UnsupportedInstruction	UnsupportedInstruction	false	constant_str,assert	constant_str,assert
Regressions/DynamicFieldClearAppend.sx	500e611c0a09a648088bab072f84691a04fb8c6ed457fa6781ae1f6bfe5a18f6	matched	UnsupportedType	UnsupportedType	false	constant_str,class_retain,class_drop,field_store,list_edit	constant_str,class_retain,class_drop,field_store,list_edit
